[debug] [2026-05-08T11:15:44.871Z] ----------------------------------------------------------------------
[debug] [2026-05-08T11:15:44.880Z] Command:       /usr/local/Cellar/node/25.8.2/bin/node /usr/local/bin/firebase deploy --only functions
[debug] [2026-05-08T11:15:44.880Z] CLI Version:   15.12.0
[debug] [2026-05-08T11:15:44.880Z] Platform:      darwin
[debug] [2026-05-08T11:15:44.881Z] Node Version:  v25.8.2
[debug] [2026-05-08T11:15:44.882Z] Time:          Fri May 08 2026 14:15:44 GMT+0300 (Türkiye Standart Saati)
[debug] [2026-05-08T11:15:44.883Z] ----------------------------------------------------------------------
[debug] 
[debug] [2026-05-08T11:15:44.886Z] >>> [apiv2][query] GET https://firebase-public.firebaseio.com/cli.json [none]
[debug] [2026-05-08T11:15:46.204Z] > command requires scopes: ["email","openid","https://www.googleapis.com/auth/cloudplatformprojects.readonly","https://www.googleapis.com/auth/firebase","https://www.googleapis.com/auth/cloud-platform"]
[debug] [2026-05-08T11:15:46.205Z] > authorizing via signed-in user (boraatess.1@gmail.com)
[debug] [2026-05-08T11:15:46.206Z] [iam] checking project newmorchat for permissions ["cloudfunctions.functions.create","cloudfunctions.functions.delete","cloudfunctions.functions.get","cloudfunctions.functions.list","cloudfunctions.functions.update","cloudfunctions.operations.get","firebase.projects.get"]
[debug] [2026-05-08T11:15:46.206Z] Checked if tokens are valid: false, expires at: 1778011587232
[debug] [2026-05-08T11:15:46.206Z] Checked if tokens are valid: false, expires at: 1778011587232
[debug] [2026-05-08T11:15:46.207Z] > refreshing access token with scopes: []
[debug] [2026-05-08T11:15:46.208Z] >>> [apiv2][query] POST https://www.googleapis.com/oauth2/v3/token [none]
[debug] [2026-05-08T11:15:46.208Z] >>> [apiv2][body] POST https://www.googleapis.com/oauth2/v3/token [omitted]
[debug] [2026-05-08T11:15:46.518Z] <<< [apiv2][status] POST https://www.googleapis.com/oauth2/v3/token 200
[debug] [2026-05-08T11:15:46.519Z] <<< [apiv2][body] POST https://www.googleapis.com/oauth2/v3/token [omitted]
[debug] [2026-05-08T11:15:46.536Z] >>> [apiv2][query] POST https://cloudresourcemanager.googleapis.com/v1/projects/newmorchat:testIamPermissions [none]
[debug] [2026-05-08T11:15:46.536Z] >>> [apiv2][(partial)header] POST https://cloudresourcemanager.googleapis.com/v1/projects/newmorchat:testIamPermissions  x-goog-user-project=newmorchat
[debug] [2026-05-08T11:15:46.537Z] >>> [apiv2][body] POST https://cloudresourcemanager.googleapis.com/v1/projects/newmorchat:testIamPermissions {"permissions":["cloudfunctions.functions.create","cloudfunctions.functions.delete","cloudfunctions.functions.get","cloudfunctions.functions.list","cloudfunctions.functions.update","cloudfunctions.operations.get","firebase.projects.get"]}
[debug] [2026-05-08T11:15:46.689Z] <<< [apiv2][status] GET https://firebase-public.firebaseio.com/cli.json 200
[debug] [2026-05-08T11:15:46.689Z] <<< [apiv2][body] GET https://firebase-public.firebaseio.com/cli.json {"cloudBuildErrorAfter":1594252800000,"cloudBuildWarnAfter":1590019200000,"defaultNode10After":1594252800000,"minVersion":"3.0.5","node8DeploysDisabledAfter":1613390400000,"node8RuntimeDisabledAfter":1615809600000,"node8WarnAfter":1600128000000}
[debug] [2026-05-08T11:15:47.551Z] <<< [apiv2][status] POST https://cloudresourcemanager.googleapis.com/v1/projects/newmorchat:testIamPermissions 200
[debug] [2026-05-08T11:15:47.552Z] <<< [apiv2][body] POST https://cloudresourcemanager.googleapis.com/v1/projects/newmorchat:testIamPermissions {"permissions":["cloudfunctions.functions.create","cloudfunctions.functions.delete","cloudfunctions.functions.get","cloudfunctions.functions.list","cloudfunctions.functions.update","cloudfunctions.operations.get","firebase.projects.get"]}
[debug] [2026-05-08T11:15:47.553Z] Checked if tokens are valid: true, expires at: 1778242545519
[debug] [2026-05-08T11:15:47.553Z] Checked if tokens are valid: true, expires at: 1778242545519
[debug] [2026-05-08T11:15:47.553Z] >>> [apiv2][query] POST https://iam.googleapis.com/v1/projects/newmorchat/serviceAccounts/newmorchat@appspot.gserviceaccount.com:testIamPermissions [none]
[debug] [2026-05-08T11:15:47.553Z] >>> [apiv2][body] POST https://iam.googleapis.com/v1/projects/newmorchat/serviceAccounts/newmorchat@appspot.gserviceaccount.com:testIamPermissions {"permissions":["iam.serviceAccounts.actAs"]}
[debug] [2026-05-08T11:15:48.601Z] <<< [apiv2][status] POST https://iam.googleapis.com/v1/projects/newmorchat/serviceAccounts/newmorchat@appspot.gserviceaccount.com:testIamPermissions 200
[debug] [2026-05-08T11:15:48.602Z] <<< [apiv2][body] POST https://iam.googleapis.com/v1/projects/newmorchat/serviceAccounts/newmorchat@appspot.gserviceaccount.com:testIamPermissions {"permissions":["iam.serviceAccounts.actAs"]}
[info] 
[info] === Deploying to 'newmorchat'...
[info] 
[info] i  deploying functions 
[debug] [2026-05-08T11:15:48.618Z] Checked if tokens are valid: true, expires at: 1778242545519
[debug] [2026-05-08T11:15:48.618Z] Checked if tokens are valid: true, expires at: 1778242545519
[debug] [2026-05-08T11:15:48.618Z] >>> [apiv2][query] GET https://cloudresourcemanager.googleapis.com/v1/projects/newmorchat [none]
[debug] [2026-05-08T11:15:48.865Z] <<< [apiv2][status] GET https://cloudresourcemanager.googleapis.com/v1/projects/newmorchat 200
[debug] [2026-05-08T11:15:48.866Z] <<< [apiv2][body] GET https://cloudresourcemanager.googleapis.com/v1/projects/newmorchat {"projectNumber":"167930901345","projectId":"newmorchat","lifecycleState":"ACTIVE","name":"newMorchat","labels":{"firebase":"enabled"},"createTime":"2024-11-01T23:21:31.450151Z"}
[info] i  functions: preparing codebase default for deployment 
[info] i  functions: ensuring required API cloudfunctions.googleapis.com is enabled... 
[info] i  functions: ensuring required API cloudbuild.googleapis.com is enabled... 
[info] i  artifactregistry: ensuring required API artifactregistry.googleapis.com is enabled... 
[debug] [2026-05-08T11:15:48.873Z] Checked if tokens are valid: true, expires at: 1778242545519
[debug] [2026-05-08T11:15:48.873Z] Checked if tokens are valid: true, expires at: 1778242545519
[debug] [2026-05-08T11:15:48.874Z] >>> [apiv2][query] GET https://firebase.googleapis.com/v1beta1/projects/newmorchat/adminSdkConfig [none]
[debug] [2026-05-08T11:15:49.538Z] <<< [apiv2][status] GET https://firebase.googleapis.com/v1beta1/projects/newmorchat/adminSdkConfig 200
[debug] [2026-05-08T11:15:49.539Z] <<< [apiv2][body] GET https://firebase.googleapis.com/v1beta1/projects/newmorchat/adminSdkConfig {"projectId":"newmorchat","databaseURL":"https://newmorchat-default-rtdb.europe-west1.firebasedatabase.app","storageBucket":"newmorchat.firebasestorage.app"}
[debug] [2026-05-08T11:15:49.546Z] Validating nodejs source
[warn] ⚠  functions: package.json indicates an outdated version of firebase-functions. Please upgrade using npm install --save firebase-functions@latest in your functions directory. 
[debug] [2026-05-08T11:15:50.550Z] > [functions] package.json contents: {
  "name": "functions",
  "description": "Cloud Functions for Firebase",
  "scripts": {
    "serve": "firebase emulators:start --only functions",
    "shell": "firebase functions:shell",
    "start": "npm run shell",
    "deploy": "firebase deploy --only functions",
    "logs": "firebase functions:log"
  },
  "engines": {
    "node": "22"
  },
  "main": "index.js",
  "dependencies": {
    "@parse/node-apn": "^7.1.0",
    "firebase-admin": "^13.6.0",
    "firebase-functions": "^7.0.0"
  },
  "devDependencies": {
    "firebase-functions-test": "^3.4.1"
  },
  "private": true
}
[debug] [2026-05-08T11:15:50.550Z] Building nodejs source
[info] i  functions: Loading and analyzing source code for codebase default to determine what to deploy 
[debug] [2026-05-08T11:15:50.552Z] Could not find functions.yaml. Must use http discovery
[debug] [2026-05-08T11:15:50.565Z] Found firebase-functions binary at '/Users/boraates/Desktop/MorChatAppiOS/functions/node_modules/.bin/firebase-functions'
[info] Serving at port 8396

[debug] [2026-05-08T11:15:51.602Z] Got response from /__/functions.yaml {"endpoints":{"oncallcreated":{"availableMemoryMb":null,"timeoutSeconds":null,"minInstances":null,"maxInstances":10,"ingressSettings":null,"concurrency":null,"serviceAccountEmail":null,"vpc":null,"platform":"gcfv2","labels":{},"eventTrigger":{"eventType":"google.cloud.firestore.document.v1.created","eventFilters":{"database":"(default)","namespace":"(default)"},"eventFilterPathPatterns":{"document":"Calls/{callId}"},"retry":false},"entryPoint":"oncallcreated"}},"specVersion":"v1alpha1","requiredAPIs":[],"extensions":{}}
[info] i  extensions: ensuring required API firebaseextensions.googleapis.com is enabled... 
[debug] [2026-05-08T11:15:55.672Z] > command requires scopes: ["email","openid","https://www.googleapis.com/auth/cloudplatformprojects.readonly","https://www.googleapis.com/auth/firebase","https://www.googleapis.com/auth/cloud-platform"]
[debug] [2026-05-08T11:15:55.673Z] > authorizing via signed-in user (boraatess.1@gmail.com)
[debug] [2026-05-08T11:15:55.673Z] [iam] checking project newmorchat for permissions ["firebase.projects.get","firebaseextensions.instances.list"]
[debug] [2026-05-08T11:15:55.674Z] Checked if tokens are valid: true, expires at: 1778242545519
[debug] [2026-05-08T11:15:55.674Z] Checked if tokens are valid: true, expires at: 1778242545519
[debug] [2026-05-08T11:15:55.674Z] >>> [apiv2][query] POST https://cloudresourcemanager.googleapis.com/v1/projects/newmorchat:testIamPermissions [none]
[debug] [2026-05-08T11:15:55.674Z] >>> [apiv2][(partial)header] POST https://cloudresourcemanager.googleapis.com/v1/projects/newmorchat:testIamPermissions  x-goog-user-project=newmorchat
[debug] [2026-05-08T11:15:55.674Z] >>> [apiv2][body] POST https://cloudresourcemanager.googleapis.com/v1/projects/newmorchat:testIamPermissions {"permissions":["firebase.projects.get","firebaseextensions.instances.list"]}
[debug] [2026-05-08T11:15:56.598Z] <<< [apiv2][status] POST https://cloudresourcemanager.googleapis.com/v1/projects/newmorchat:testIamPermissions 200
[debug] [2026-05-08T11:15:56.599Z] <<< [apiv2][body] POST https://cloudresourcemanager.googleapis.com/v1/projects/newmorchat:testIamPermissions {"permissions":["firebase.projects.get","firebaseextensions.instances.list"]}
[debug] [2026-05-08T11:15:56.600Z] Checked if tokens are valid: true, expires at: 1778242545519
[debug] [2026-05-08T11:15:56.601Z] Checked if tokens are valid: true, expires at: 1778242545519
[debug] [2026-05-08T11:15:56.602Z] >>> [apiv2][query] GET https://firebaseextensions.googleapis.com/v1beta/projects/newmorchat/instances pageSize=100&pageToken=
[debug] [2026-05-08T11:15:57.722Z] <<< [apiv2][status] GET https://firebaseextensions.googleapis.com/v1beta/projects/newmorchat/instances 200
[debug] [2026-05-08T11:15:57.723Z] <<< [apiv2][body] GET https://firebaseextensions.googleapis.com/v1beta/projects/newmorchat/instances {}
[info] i  functions: preparing functions directory for uploading... 
[info] i  functions: packaged /Users/boraates/Desktop/MorChatAppiOS/functions (74.6 KB) for uploading 
[debug] [2026-05-08T11:15:57.961Z] Checked if tokens are valid: true, expires at: 1778242545519
[debug] [2026-05-08T11:15:57.961Z] Checked if tokens are valid: true, expires at: 1778242545519
[debug] [2026-05-08T11:15:57.965Z] >>> [apiv2][query] GET https://cloudfunctions.googleapis.com/v1/projects/newmorchat/locations/-/functions [none]
[debug] [2026-05-08T11:15:58.815Z] <<< [apiv2][status] GET https://cloudfunctions.googleapis.com/v1/projects/newmorchat/locations/-/functions 200
[debug] [2026-05-08T11:15:58.816Z] <<< [apiv2][body] GET https://cloudfunctions.googleapis.com/v1/projects/newmorchat/locations/-/functions {}
[debug] [2026-05-08T11:15:58.818Z] Checked if tokens are valid: true, expires at: 1778242545519
[debug] [2026-05-08T11:15:58.818Z] Checked if tokens are valid: true, expires at: 1778242545519
[debug] [2026-05-08T11:15:58.820Z] >>> [apiv2][query] GET https://cloudfunctions.googleapis.com/v2/projects/newmorchat/locations/-/functions filter=environment%3D%22GEN_2%22
[debug] [2026-05-08T11:15:59.850Z] <<< [apiv2][status] GET https://cloudfunctions.googleapis.com/v2/projects/newmorchat/locations/-/functions 200
[debug] [2026-05-08T11:15:59.856Z] <<< [apiv2][body] GET https://cloudfunctions.googleapis.com/v2/projects/newmorchat/locations/-/functions {"functions":[{"name":"projects/newmorchat/locations/us-central1/functions/modifyuser","buildConfig":{"build":"projects/167930901345/locations/us-central1/builds/e8670813-fb40-444b-af26-1714e6a5cd9d","runtime":"nodejs18","entryPoint":"modifyuser","source":{"storageSource":{"bucket":"gcf-v2-sources-167930901345-us-central1","object":"modifyuser/function-source.zip","generation":"1731206540127931"}},"environmentVariables":{"GOOGLE_NODE_RUN_SCRIPTS":""},"dockerRepository":"projects/newmorchat/locations/us-central1/repositories/gcf-artifacts","sourceProvenance":{"resolvedStorageSource":{"bucket":"gcf-v2-sources-167930901345-us-central1","object":"modifyuser/function-source.zip","generation":"1731206540127931"}},"dockerRegistry":"ARTIFACT_REGISTRY","serviceAccount":"projects/newmorchat/serviceAccounts/167930901345-compute@developer.gserviceaccount.com","automaticUpdatePolicy":{}},"state":"FAILED","updateTime":"2026-05-07T18:52:21.558408331Z","labels":{"deployment-tool":"cli-firebase","firebase-functions-hash":"00d08fa5142f6965f99dfecdf76eb8622683987b"},"stateMessages":[{"severity":"ERROR","type":"CloudRunServiceNotFound","message":"Cloud Run service projects/newmorchat/locations/us-central1/services/modifyuser for the function was not found. The function will not work correctly. Please redeploy."},{"severity":"ERROR","type":"EventarcTriggerNotFound","message":"Eventarc trigger projects/newmorchat/locations/eur3/triggers/modifyuser-923468 for the function was not found. The function may not work correctly. Please redeploy."}],"environment":"GEN_2","url":"https://us-central1-newmorchat.cloudfunctions.net/modifyuser","createTime":"2024-11-10T02:42:21.536300697Z"},{"name":"projects/newmorchat/locations/us-central1/functions/notificationNewXstory","buildConfig":{"build":"projects/167930901345/locations/us-central1/builds/178a226b-c3a1-43a8-ac2c-ee63308e9c16","runtime":"nodejs18","entryPoint":"notificationNewXstory","source":{"storageSource":{"bucket":"gcf-v2-sources-167930901345-us-central1","object":"notificationNewXstory/function-source.zip","generation":"1731200663084901"}},"environmentVariables":{"GOOGLE_NODE_RUN_SCRIPTS":""},"dockerRepository":"projects/newmorchat/locations/us-central1/repositories/gcf-artifacts","sourceProvenance":{"resolvedStorageSource":{"bucket":"gcf-v2-sources-167930901345-us-central1","object":"notificationNewXstory/function-source.zip","generation":"1731200663084901"}},"dockerRegistry":"ARTIFACT_REGISTRY","serviceAccount":"projects/newmorchat/serviceAccounts/167930901345-compute@developer.gserviceaccount.com","automaticUpdatePolicy":{}},"state":"FAILED","updateTime":"2026-05-07T18:52:21.406275449Z","labels":{"deployment-tool":"cli-firebase","firebase-functions-hash":"ae16135523c704c12865a1ce8c21c71b2aa1cf81"},"stateMessages":[{"severity":"ERROR","type":"CloudRunServiceNotFound","message":"Cloud Run service projects/newmorchat/locations/us-central1/services/notificationnewxstory for the function was not found. The function will not work correctly. Please redeploy."}],"environment":"GEN_2","url":"https://us-central1-newmorchat.cloudfunctions.net/notificationNewXstory","createTime":"2024-11-10T01:04:23.341729569Z"},{"name":"projects/newmorchat/locations/us-central1/functions/sendPush","buildConfig":{"build":"projects/167930901345/locations/us-central1/builds/da0ce690-15fd-40a7-a944-af68da96f51e","runtime":"nodejs18","entryPoint":"sendPush","source":{"storageSource":{"bucket":"gcf-v2-sources-167930901345-us-central1","object":"sendPush/function-source.zip","generation":"1731207133323061"}},"environmentVariables":{"GOOGLE_NODE_RUN_SCRIPTS":""},"dockerRepository":"projects/newmorchat/locations/us-central1/repositories/gcf-artifacts","sourceProvenance":{"resolvedStorageSource":{"bucket":"gcf-v2-sources-167930901345-us-central1","object":"sendPush/function-source.zip","generation":"1731207133323061"}},"dockerRegistry":"ARTIFACT_REGISTRY","serviceAccount":"projects/newmorchat/serviceAccounts/167930901345-compute@developer.gserviceaccount.com","automaticUpdatePolicy":{}},"state":"FAILED","updateTime":"2026-05-07T18:52:21.610064381Z","labels":{"deployment-tool":"cli-firebase","firebase-functions-hash":"d5b7c8017d184f8b26ced824e96c0829f7287196"},"stateMessages":[{"severity":"ERROR","type":"CloudRunServiceNotFound","message":"Cloud Run service projects/newmorchat/locations/us-central1/services/sendpush for the function was not found. The function will not work correctly. Please redeploy."},{"severity":"ERROR","type":"EventarcTriggerNotFound","message":"Eventarc trigger projects/newmorchat/locations/eur3/triggers/sendpush-022505 for the function was not found. The function may not work correctly. Please redeploy."}],"environment":"GEN_2","url":"https://us-central1-newmorchat.cloudfunctions.net/sendPush","createTime":"2024-11-10T02:52:14.939017010Z"},{"name":"projects/newmorchat/locations/us-central1/functions/oncallcreated","buildConfig":{"build":"projects/167930901345/locations/us-central1/builds/1603b5ba-7a0b-4af9-82e8-0bd12b29a142","runtime":"nodejs22","entryPoint":"oncallcreated","source":{"storageSource":{"bucket":"gcf-v2-sources-167930901345-us-central1","object":"oncallcreated/function-source.zip","generation":"1777225786711736"}},"environmentVariables":{"GOOGLE_NODE_RUN_SCRIPTS":""},"dockerRepository":"projects/newmorchat/locations/us-central1/repositories/gcf-artifacts","sourceProvenance":{"resolvedStorageSource":{"bucket":"gcf-v2-sources-167930901345-us-central1","object":"oncallcreated/function-source.zip","generation":"1777225786711736"}},"dockerRegistry":"ARTIFACT_REGISTRY","serviceAccount":"projects/newmorchat/serviceAccounts/167930901345-compute@developer.gserviceaccount.com","automaticUpdatePolicy":{}},"serviceConfig":{"service":"projects/newmorchat/locations/us-central1/services/oncallcreated","timeoutSeconds":60,"environmentVariables":{"FIREBASE_CONFIG":"{\"projectId\":\"newmorchat\",\"databaseURL\":\"https://newmorchat-default-rtdb.europe-west1.firebasedatabase.app\",\"storageBucket\":\"newmorchat.firebasestorage.app\"}","GCLOUD_PROJECT":"newmorchat","EVENTARC_CLOUD_EVENT_SOURCE":"projects/newmorchat/locations/us-central1/services/oncallcreated","FUNCTION_SIGNATURE_TYPE":"cloudevent","FUNCTION_TARGET":"oncallcreated","LOG_EXECUTION_ID":"true"},"maxInstanceCount":10,"ingressSettings":"ALLOW_ALL","uri":"https://oncallcreated-ov3gwwaa7q-uc.a.run.app","serviceAccountEmail":"167930901345-compute@developer.gserviceaccount.com","availableMemory":"256Mi","allTrafficOnLatestRevision":true,"revision":"oncallcreated-00004-nem","maxInstanceRequestConcurrency":80,"availableCpu":"1"},"state":"UNKNOWN","updateTime":"2026-05-07T18:52:21.577985991Z","labels":{"deployment-tool":"cli-firebase","firebase-functions-hash":"16a5e3575f5c8e6be0532ece2914924fb88043ef"},"stateMessages":[{"severity":"ERROR","type":"EventarcTriggerNotFound","message":"Eventarc trigger projects/newmorchat/locations/eur3/triggers/oncallcreated-929173 for the function was not found. The function may not work correctly. Please redeploy."}],"environment":"GEN_2","url":"https://us-central1-newmorchat.cloudfunctions.net/oncallcreated","createTime":"2026-03-28T16:52:13.055102885Z"}]}
[debug] [2026-05-08T11:15:59.864Z] Checked if tokens are valid: true, expires at: 1778242545519
[debug] [2026-05-08T11:15:59.864Z] Checked if tokens are valid: true, expires at: 1778242545519
[debug] [2026-05-08T11:15:59.864Z] >>> [apiv2][query] GET https://firestore.googleapis.com/v1/projects/newmorchat/databases/(default) [none]
[debug] [2026-05-08T11:16:00.517Z] <<< [apiv2][status] GET https://firestore.googleapis.com/v1/projects/newmorchat/databases/(default) 200
[debug] [2026-05-08T11:16:00.518Z] <<< [apiv2][body] GET https://firestore.googleapis.com/v1/projects/newmorchat/databases/(default) {"name":"projects/newmorchat/databases/(default)","uid":"58054e6b-0b47-4340-a003-ea77e9ef794f","createTime":"2024-11-01T23:39:28.696910Z","updateTime":"2024-11-01T23:39:28.696910Z","locationId":"eur3","type":"FIRESTORE_NATIVE","concurrencyMode":"PESSIMISTIC","versionRetentionPeriod":"3600s","earliestVersionTime":"2026-05-08T10:16:00.561167Z","appEngineIntegrationMode":"DISABLED","keyPrefix":"e","pointInTimeRecoveryEnablement":"POINT_IN_TIME_RECOVERY_DISABLED","deleteProtectionState":"DELETE_PROTECTION_DISABLED","backupConfig":{"backupSchedulesEnabled":true},"databaseEdition":"STANDARD","freeTier":true,"realtimeUpdatesMode":"REALTIME_UPDATES_MODE_ENABLED","etag":"IPDQx6zIqZQDMJe0zNCI5JID"}
[info] i  functions: ensuring required API run.googleapis.com is enabled... 
[info] i  functions: ensuring required API eventarc.googleapis.com is enabled... 
[info] i  functions: ensuring required API pubsub.googleapis.com is enabled... 
[info] i  functions: ensuring required API storage.googleapis.com is enabled... 
[info] i  functions: generating the service identity for pubsub.googleapis.com... 
[debug] [2026-05-08T11:16:00.532Z] Checked if tokens are valid: true, expires at: 1778242545519
[debug] [2026-05-08T11:16:00.532Z] Checked if tokens are valid: true, expires at: 1778242545519
[info] i  functions: generating the service identity for eventarc.googleapis.com... 
[debug] [2026-05-08T11:16:00.533Z] Checked if tokens are valid: true, expires at: 1778242545519
[debug] [2026-05-08T11:16:00.533Z] Checked if tokens are valid: true, expires at: 1778242545519
[debug] [2026-05-08T11:16:00.534Z] >>> [apiv2][query] POST https://serviceusage.googleapis.com/v1beta1/projects/167930901345/services/pubsub.googleapis.com:generateServiceIdentity [none]
[debug] [2026-05-08T11:16:00.534Z] >>> [apiv2][(partial)header] POST https://serviceusage.googleapis.com/v1beta1/projects/167930901345/services/pubsub.googleapis.com:generateServiceIdentity  x-goog-user-project=167930901345
[debug] [2026-05-08T11:16:00.534Z] >>> [apiv2][body] POST https://serviceusage.googleapis.com/v1beta1/projects/167930901345/services/pubsub.googleapis.com:generateServiceIdentity {}
[debug] [2026-05-08T11:16:00.541Z] >>> [apiv2][query] POST https://serviceusage.googleapis.com/v1beta1/projects/167930901345/services/eventarc.googleapis.com:generateServiceIdentity [none]
[debug] [2026-05-08T11:16:00.541Z] >>> [apiv2][(partial)header] POST https://serviceusage.googleapis.com/v1beta1/projects/167930901345/services/eventarc.googleapis.com:generateServiceIdentity  x-goog-user-project=167930901345
[debug] [2026-05-08T11:16:00.541Z] >>> [apiv2][body] POST https://serviceusage.googleapis.com/v1beta1/projects/167930901345/services/eventarc.googleapis.com:generateServiceIdentity {}
[debug] [2026-05-08T11:16:01.802Z] <<< [apiv2][status] POST https://serviceusage.googleapis.com/v1beta1/projects/167930901345/services/eventarc.googleapis.com:generateServiceIdentity 200
[debug] [2026-05-08T11:16:01.803Z] <<< [apiv2][body] POST https://serviceusage.googleapis.com/v1beta1/projects/167930901345/services/eventarc.googleapis.com:generateServiceIdentity {"name":"operations/finished.DONE_OPERATION","done":true,"response":{"@type":"type.googleapis.com/google.api.serviceusage.v1beta1.ServiceIdentity","email":"service-167930901345@gcp-sa-eventarc.iam.gserviceaccount.com","uniqueId":"113239666760119784149"}}
[debug] [2026-05-08T11:16:01.820Z] <<< [apiv2][status] POST https://serviceusage.googleapis.com/v1beta1/projects/167930901345/services/pubsub.googleapis.com:generateServiceIdentity 200
[debug] [2026-05-08T11:16:01.825Z] <<< [apiv2][body] POST https://serviceusage.googleapis.com/v1beta1/projects/167930901345/services/pubsub.googleapis.com:generateServiceIdentity {"name":"operations/finished.DONE_OPERATION","done":true,"response":{"@type":"type.googleapis.com/google.api.serviceusage.v1beta1.ServiceIdentity","email":"service-167930901345@gcp-sa-pubsub.iam.gserviceaccount.com","uniqueId":"112958319929547535454"}}
[debug] [2026-05-08T11:16:01.835Z] Checked if tokens are valid: true, expires at: 1778242545519
[debug] [2026-05-08T11:16:01.835Z] Checked if tokens are valid: true, expires at: 1778242545519
[debug] [2026-05-08T11:16:01.835Z] >>> [apiv2][query] GET https://compute.googleapis.com/compute/v1/projects/167930901345 [none]
[debug] [2026-05-08T11:16:02.226Z] <<< [apiv2][status] GET https://compute.googleapis.com/compute/v1/projects/167930901345 403
[debug] [2026-05-08T11:16:02.227Z] <<< [apiv2][body] GET https://compute.googleapis.com/compute/v1/projects/167930901345 {"error":{"code":403,"message":"This API method requires billing to be enabled. Please enable billing on project #167930901345 by visiting https://console.developers.google.com/billing/enable?project=167930901345 then retry. If you enabled billing for this project recently, wait a few minutes for the action to propagate to our systems and retry.","errors":[{"message":"This API method requires billing to be enabled. Please enable billing on project #167930901345 by visiting https://console.developers.google.com/billing/enable?project=167930901345 then retry. If you enabled billing for this project recently, wait a few minutes for the action to propagate to our systems and retry.","domain":"global","reason":"forbidden"}],"status":"PERMISSION_DENIED","details":[{"@type":"type.googleapis.com/google.rpc.ErrorInfo","reason":"BILLING_DISABLED","domain":"googleapis.com","metadata":{"consumer":"projects/167930901345","service":"compute.googleapis.com","consoleUrl":"https://console.developers.google.com/billing/enable?project=167930901345","containerInfo":"167930901345"}},{"@type":"type.googleapis.com/google.rpc.LocalizedMessage","locale":"en-US","message":"This API method requires billing to be enabled. Please enable billing on project #167930901345 by visiting https://console.developers.google.com/billing/enable?project=167930901345 then retry. If you enabled billing for this project recently, wait a few minutes for the action to propagate to our systems and retry."},{"@type":"type.googleapis.com/google.rpc.Help","links":[{"description":"Google developers console billing","url":"https://console.developers.google.com/billing/enable?project=167930901345"}]}]}}
[debug] [2026-05-08T11:16:02.231Z] unable to look up default compute service account. Falling back to 167930901345-compute@developer.gserviceaccount.com. Error: {"name":"FirebaseError","children":[],"context":{"body":{"error":{"code":403,"message":"This API method requires billing to be enabled. Please enable billing on project #167930901345 by visiting https://console.developers.google.com/billing/enable?project=167930901345 then retry. If you enabled billing for this project recently, wait a few minutes for the action to propagate to our systems and retry.","errors":[{"message":"This API method requires billing to be enabled. Please enable billing on project #167930901345 by visiting https://console.developers.google.com/billing/enable?project=167930901345 then retry. If you enabled billing for this project recently, wait a few minutes for the action to propagate to our systems and retry.","domain":"global","reason":"forbidden"}],"status":"PERMISSION_DENIED","details":[{"@type":"type.googleapis.com/google.rpc.ErrorInfo","reason":"BILLING_DISABLED","domain":"googleapis.com","metadata":{"consumer":"projects/167930901345","service":"compute.googleapis.com","consoleUrl":"https://console.developers.google.com/billing/enable?project=167930901345","containerInfo":"167930901345"}},{"@type":"type.googleapis.com/google.rpc.LocalizedMessage","locale":"en-US","message":"This API method requires billing to be enabled. Please enable billing on project #167930901345 by visiting https://console.developers.google.com/billing/enable?project=167930901345 then retry. If you enabled billing for this project recently, wait a few minutes for the action to propagate to our systems and retry."},{"@type":"type.googleapis.com/google.rpc.Help","links":[{"description":"Google developers console billing","url":"https://console.developers.google.com/billing/enable?project=167930901345"}]}]}},"response":{"statusCode":403}},"exit":1,"message":"Request to https://compute.googleapis.com/compute/v1/projects/167930901345 had HTTP Error: 403, This API method requires billing to be enabled. Please enable billing on project #167930901345 by visiting https://console.developers.google.com/billing/enable?project=167930901345 then retry. If you enabled billing for this project recently, wait a few minutes for the action to propagate to our systems and retry.","status":403}
[debug] [2026-05-08T11:16:02.232Z] Checked if tokens are valid: true, expires at: 1778242545519
[debug] [2026-05-08T11:16:02.233Z] Checked if tokens are valid: true, expires at: 1778242545519
[debug] [2026-05-08T11:16:02.233Z] >>> [apiv2][query] POST https://cloudresourcemanager.googleapis.com/v1/projects/167930901345:getIamPolicy [none]
[debug] [2026-05-08T11:16:03.278Z] <<< [apiv2][status] POST https://cloudresourcemanager.googleapis.com/v1/projects/167930901345:getIamPolicy 200
[debug] [2026-05-08T11:16:03.279Z] <<< [apiv2][body] POST https://cloudresourcemanager.googleapis.com/v1/projects/167930901345:getIamPolicy {"version":1,"etag":"BwZOGHT9MFM=","bindings":[{"role":"roles/artifactregistry.serviceAgent","members":["serviceAccount:service-167930901345@gcp-sa-artifactregistry.iam.gserviceaccount.com"]},{"role":"roles/cloudaicompanion.serviceAgent","members":["serviceAccount:service-167930901345@gcp-sa-cloudaicompanion.iam.gserviceaccount.com"]},{"role":"roles/cloudbuild.builds.builder","members":["serviceAccount:167930901345@cloudbuild.gserviceaccount.com"]},{"role":"roles/cloudbuild.serviceAgent","members":["serviceAccount:service-167930901345@gcp-sa-cloudbuild.iam.gserviceaccount.com"]},{"role":"roles/cloudfunctions.admin","members":["serviceAccount:firebase-adminsdk-renqx@newmorchat.iam.gserviceaccount.com"]},{"role":"roles/cloudfunctions.serviceAgent","members":["serviceAccount:service-167930901345@gcf-admin-robot.iam.gserviceaccount.com"]},{"role":"roles/cloudscheduler.serviceAgent","members":["serviceAccount:service-167930901345@gcp-sa-cloudscheduler.iam.gserviceaccount.com"]},{"role":"roles/compute.serviceAgent","members":["serviceAccount:service-167930901345@compute-system.iam.gserviceaccount.com"]},{"role":"roles/containeranalysis.ServiceAgent","members":["serviceAccount:service-167930901345@container-analysis.iam.gserviceaccount.com"]},{"role":"roles/containerregistry.ServiceAgent","members":["serviceAccount:service-167930901345@containerregistry.iam.gserviceaccount.com"]},{"role":"roles/containerscanning.ServiceAgent","members":["serviceAccount:service-167930901345@gcp-sa-containerscanning.iam.gserviceaccount.com"]},{"role":"roles/editor","members":["serviceAccount:167930901345-compute@developer.gserviceaccount.com","serviceAccount:167930901345@cloudservices.gserviceaccount.com","serviceAccount:newmorchat@appspot.gserviceaccount.com","user:boraatess.1@gmail.com"]},{"role":"roles/eventarc.eventReceiver","members":["serviceAccount:167930901345-compute@developer.gserviceaccount.com"]},{"role":"roles/eventarc.serviceAgent","members":["serviceAccount:service-167930901345@gcp-sa-eventarc.iam.gserviceaccount.com"]},{"role":"roles/firebase.admin_withcond_846724b42f9030e9bd24","members":["user:boraatess.1@gmail.com"]},{"role":"roles/firebase.appDistributionSdkServiceAgent","members":["serviceAccount:firebase-adminsdk-renqx@newmorchat.iam.gserviceaccount.com"]},{"role":"roles/firebase.managementServiceAgent","members":["serviceAccount:firebase-service-account@firebase-sa-management.iam.gserviceaccount.com","serviceAccount:service-167930901345@gcp-sa-firebase.iam.gserviceaccount.com"]},{"role":"roles/firebase.sdkAdminServiceAgent","members":["serviceAccount:firebase-adminsdk-renqx@newmorchat.iam.gserviceaccount.com"]},{"role":"roles/firebaseappcheck.admin","members":["serviceAccount:firebase-adminsdk-renqx@newmorchat.iam.gserviceaccount.com"]},{"role":"roles/firebaseappcheck.serviceAgent","members":["serviceAccount:service-167930901345@gcp-sa-firebaseappcheck.iam.gserviceaccount.com"]},{"role":"roles/firebaseauth.admin","members":["serviceAccount:firebase-adminsdk-renqx@newmorchat.iam.gserviceaccount.com"]},{"role":"roles/firebasedatabase.admin","members":["serviceAccount:firebase-adminsdk-renqx@newmorchat.iam.gserviceaccount.com"]},{"role":"roles/firebasemods.serviceAgent","members":["serviceAccount:service-167930901345@gcp-sa-firebasemods.iam.gserviceaccount.com"]},{"role":"roles/firebaserules.system","members":["serviceAccount:service-167930901345@firebase-rules.iam.gserviceaccount.com"]},{"role":"roles/firebasestorage.serviceAgent","members":["serviceAccount:service-167930901345@gcp-sa-firebasestorage.iam.gserviceaccount.com"]},{"role":"roles/firestore.serviceAgent","members":["serviceAccount:service-167930901345@gcp-sa-firestore.iam.gserviceaccount.com"]},{"role":"roles/iam.serviceAccountTokenCreator","members":["serviceAccount:firebase-adminsdk-renqx@newmorchat.iam.gserviceaccount.com","serviceAccount:service-167930901345@gcp-sa-pubsub.iam.gserviceaccount.com"]},{"role":"roles/identitytoolkit.serviceAgent","members":["serviceAccount:service-167930901345@gcp-sa-identitytoolkit.iam.gserviceaccount.com"]},{"role":"roles/owner","members":["user:zionfrw@gmail.com"]},{"role":"roles/pubsub.serviceAgent","members":["serviceAccount:service-167930901345@gcp-sa-pubsub.iam.gserviceaccount.com"]},{"role":"roles/run.invoker","members":["serviceAccount:167930901345-compute@developer.gserviceaccount.com"]},{"role":"roles/run.serviceAgent","members":["serviceAccount:service-167930901345@serverless-robot-prod.iam.gserviceaccount.com"]},{"role":"roles/storage.admin","members":["serviceAccount:firebase-adminsdk-renqx@newmorchat.iam.gserviceaccount.com"]}]}
[debug] [2026-05-08T11:16:03.283Z] Checked if tokens are valid: true, expires at: 1778242545519
[debug] [2026-05-08T11:16:03.283Z] Checked if tokens are valid: true, expires at: 1778242545519
[debug] [2026-05-08T11:16:03.284Z] >>> [apiv2][query] GET https://cloudresourcemanager.googleapis.com/v1/projects/newmorchat [none]
[debug] [2026-05-08T11:16:03.505Z] <<< [apiv2][status] GET https://cloudresourcemanager.googleapis.com/v1/projects/newmorchat 200
[debug] [2026-05-08T11:16:03.507Z] <<< [apiv2][body] GET https://cloudresourcemanager.googleapis.com/v1/projects/newmorchat {"projectNumber":"167930901345","projectId":"newmorchat","lifecycleState":"ACTIVE","name":"newMorchat","labels":{"firebase":"enabled"},"createTime":"2024-11-01T23:21:31.450151Z"}
[debug] [2026-05-08T11:16:03.508Z] Checked if tokens are valid: true, expires at: 1778242545519
[debug] [2026-05-08T11:16:03.508Z] Checked if tokens are valid: true, expires at: 1778242545519
[debug] [2026-05-08T11:16:03.508Z] >>> [apiv2][query] GET https://compute.googleapis.com/compute/v1/projects/167930901345 [none]
[debug] [2026-05-08T11:16:03.800Z] <<< [apiv2][status] GET https://compute.googleapis.com/compute/v1/projects/167930901345 403
[debug] [2026-05-08T11:16:03.801Z] <<< [apiv2][body] GET https://compute.googleapis.com/compute/v1/projects/167930901345 {"error":{"code":403,"message":"This API method requires billing to be enabled. Please enable billing on project #167930901345 by visiting https://console.developers.google.com/billing/enable?project=167930901345 then retry. If you enabled billing for this project recently, wait a few minutes for the action to propagate to our systems and retry.","errors":[{"message":"This API method requires billing to be enabled. Please enable billing on project #167930901345 by visiting https://console.developers.google.com/billing/enable?project=167930901345 then retry. If you enabled billing for this project recently, wait a few minutes for the action to propagate to our systems and retry.","domain":"global","reason":"forbidden"}],"status":"PERMISSION_DENIED","details":[{"@type":"type.googleapis.com/google.rpc.ErrorInfo","reason":"BILLING_DISABLED","domain":"googleapis.com","metadata":{"consumer":"projects/167930901345","consoleUrl":"https://console.developers.google.com/billing/enable?project=167930901345","service":"compute.googleapis.com","containerInfo":"167930901345"}},{"@type":"type.googleapis.com/google.rpc.LocalizedMessage","locale":"en-US","message":"This API method requires billing to be enabled. Please enable billing on project #167930901345 by visiting https://console.developers.google.com/billing/enable?project=167930901345 then retry. If you enabled billing for this project recently, wait a few minutes for the action to propagate to our systems and retry."},{"@type":"type.googleapis.com/google.rpc.Help","links":[{"description":"Google developers console billing","url":"https://console.developers.google.com/billing/enable?project=167930901345"}]}]}}
[debug] [2026-05-08T11:16:03.803Z] unable to look up default compute service account. Falling back to 167930901345-compute@developer.gserviceaccount.com. Error: {"name":"FirebaseError","children":[],"context":{"body":{"error":{"code":403,"message":"This API method requires billing to be enabled. Please enable billing on project #167930901345 by visiting https://console.developers.google.com/billing/enable?project=167930901345 then retry. If you enabled billing for this project recently, wait a few minutes for the action to propagate to our systems and retry.","errors":[{"message":"This API method requires billing to be enabled. Please enable billing on project #167930901345 by visiting https://console.developers.google.com/billing/enable?project=167930901345 then retry. If you enabled billing for this project recently, wait a few minutes for the action to propagate to our systems and retry.","domain":"global","reason":"forbidden"}],"status":"PERMISSION_DENIED","details":[{"@type":"type.googleapis.com/google.rpc.ErrorInfo","reason":"BILLING_DISABLED","domain":"googleapis.com","metadata":{"consumer":"projects/167930901345","consoleUrl":"https://console.developers.google.com/billing/enable?project=167930901345","service":"compute.googleapis.com","containerInfo":"167930901345"}},{"@type":"type.googleapis.com/google.rpc.LocalizedMessage","locale":"en-US","message":"This API method requires billing to be enabled. Please enable billing on project #167930901345 by visiting https://console.developers.google.com/billing/enable?project=167930901345 then retry. If you enabled billing for this project recently, wait a few minutes for the action to propagate to our systems and retry."},{"@type":"type.googleapis.com/google.rpc.Help","links":[{"description":"Google developers console billing","url":"https://console.developers.google.com/billing/enable?project=167930901345"}]}]}},"response":{"statusCode":403}},"exit":1,"message":"Request to https://compute.googleapis.com/compute/v1/projects/167930901345 had HTTP Error: 403, This API method requires billing to be enabled. Please enable billing on project #167930901345 by visiting https://console.developers.google.com/billing/enable?project=167930901345 then retry. If you enabled billing for this project recently, wait a few minutes for the action to propagate to our systems and retry.","status":403}
[debug] [2026-05-08T11:16:03.804Z] Checked if tokens are valid: true, expires at: 1778242545519
[debug] [2026-05-08T11:16:03.804Z] Checked if tokens are valid: true, expires at: 1778242545519
[debug] [2026-05-08T11:16:03.804Z] >>> [apiv2][query] GET https://compute.googleapis.com/compute/v1/projects/167930901345 [none]
[debug] [2026-05-08T11:16:04.004Z] <<< [apiv2][status] GET https://compute.googleapis.com/compute/v1/projects/167930901345 403
[debug] [2026-05-08T11:16:04.005Z] <<< [apiv2][body] GET https://compute.googleapis.com/compute/v1/projects/167930901345 {"error":{"code":403,"message":"This API method requires billing to be enabled. Please enable billing on project #167930901345 by visiting https://console.developers.google.com/billing/enable?project=167930901345 then retry. If you enabled billing for this project recently, wait a few minutes for the action to propagate to our systems and retry.","errors":[{"message":"This API method requires billing to be enabled. Please enable billing on project #167930901345 by visiting https://console.developers.google.com/billing/enable?project=167930901345 then retry. If you enabled billing for this project recently, wait a few minutes for the action to propagate to our systems and retry.","domain":"global","reason":"forbidden"}],"status":"PERMISSION_DENIED","details":[{"@type":"type.googleapis.com/google.rpc.ErrorInfo","reason":"BILLING_DISABLED","domain":"googleapis.com","metadata":{"consoleUrl":"https://console.developers.google.com/billing/enable?project=167930901345","containerInfo":"167930901345","consumer":"projects/167930901345","service":"compute.googleapis.com"}},{"@type":"type.googleapis.com/google.rpc.LocalizedMessage","locale":"en-US","message":"This API method requires billing to be enabled. Please enable billing on project #167930901345 by visiting https://console.developers.google.com/billing/enable?project=167930901345 then retry. If you enabled billing for this project recently, wait a few minutes for the action to propagate to our systems and retry."},{"@type":"type.googleapis.com/google.rpc.Help","links":[{"description":"Google developers console billing","url":"https://console.developers.google.com/billing/enable?project=167930901345"}]}]}}
[debug] [2026-05-08T11:16:04.006Z] unable to look up default compute service account. Falling back to 167930901345-compute@developer.gserviceaccount.com. Error: {"name":"FirebaseError","children":[],"context":{"body":{"error":{"code":403,"message":"This API method requires billing to be enabled. Please enable billing on project #167930901345 by visiting https://console.developers.google.com/billing/enable?project=167930901345 then retry. If you enabled billing for this project recently, wait a few minutes for the action to propagate to our systems and retry.","errors":[{"message":"This API method requires billing to be enabled. Please enable billing on project #167930901345 by visiting https://console.developers.google.com/billing/enable?project=167930901345 then retry. If you enabled billing for this project recently, wait a few minutes for the action to propagate to our systems and retry.","domain":"global","reason":"forbidden"}],"status":"PERMISSION_DENIED","details":[{"@type":"type.googleapis.com/google.rpc.ErrorInfo","reason":"BILLING_DISABLED","domain":"googleapis.com","metadata":{"consoleUrl":"https://console.developers.google.com/billing/enable?project=167930901345","containerInfo":"167930901345","consumer":"projects/167930901345","service":"compute.googleapis.com"}},{"@type":"type.googleapis.com/google.rpc.LocalizedMessage","locale":"en-US","message":"This API method requires billing to be enabled. Please enable billing on project #167930901345 by visiting https://console.developers.google.com/billing/enable?project=167930901345 then retry. If you enabled billing for this project recently, wait a few minutes for the action to propagate to our systems and retry."},{"@type":"type.googleapis.com/google.rpc.Help","links":[{"description":"Google developers console billing","url":"https://console.developers.google.com/billing/enable?project=167930901345"}]}]}},"response":{"statusCode":403}},"exit":1,"message":"Request to https://compute.googleapis.com/compute/v1/projects/167930901345 had HTTP Error: 403, This API method requires billing to be enabled. Please enable billing on project #167930901345 by visiting https://console.developers.google.com/billing/enable?project=167930901345 then retry. If you enabled billing for this project recently, wait a few minutes for the action to propagate to our systems and retry.","status":403}
[debug] [2026-05-08T11:16:04.006Z] Checked if tokens are valid: true, expires at: 1778242545519
[debug] [2026-05-08T11:16:04.006Z] Checked if tokens are valid: true, expires at: 1778242545519
[debug] [2026-05-08T11:16:04.006Z] >>> [apiv2][query] GET https://compute.googleapis.com/compute/v1/projects/167930901345 [none]
[debug] [2026-05-08T11:16:04.228Z] <<< [apiv2][status] GET https://compute.googleapis.com/compute/v1/projects/167930901345 403
[debug] [2026-05-08T11:16:04.229Z] <<< [apiv2][body] GET https://compute.googleapis.com/compute/v1/projects/167930901345 {"error":{"code":403,"message":"This API method requires billing to be enabled. Please enable billing on project #167930901345 by visiting https://console.developers.google.com/billing/enable?project=167930901345 then retry. If you enabled billing for this project recently, wait a few minutes for the action to propagate to our systems and retry.","errors":[{"message":"This API method requires billing to be enabled. Please enable billing on project #167930901345 by visiting https://console.developers.google.com/billing/enable?project=167930901345 then retry. If you enabled billing for this project recently, wait a few minutes for the action to propagate to our systems and retry.","domain":"global","reason":"forbidden"}],"status":"PERMISSION_DENIED","details":[{"@type":"type.googleapis.com/google.rpc.ErrorInfo","reason":"BILLING_DISABLED","domain":"googleapis.com","metadata":{"containerInfo":"167930901345","consumer":"projects/167930901345","consoleUrl":"https://console.developers.google.com/billing/enable?project=167930901345","service":"compute.googleapis.com"}},{"@type":"type.googleapis.com/google.rpc.LocalizedMessage","locale":"en-US","message":"This API method requires billing to be enabled. Please enable billing on project #167930901345 by visiting https://console.developers.google.com/billing/enable?project=167930901345 then retry. If you enabled billing for this project recently, wait a few minutes for the action to propagate to our systems and retry."},{"@type":"type.googleapis.com/google.rpc.Help","links":[{"description":"Google developers console billing","url":"https://console.developers.google.com/billing/enable?project=167930901345"}]}]}}
[debug] [2026-05-08T11:16:04.230Z] unable to look up default compute service account. Falling back to 167930901345-compute@developer.gserviceaccount.com. Error: {"name":"FirebaseError","children":[],"context":{"body":{"error":{"code":403,"message":"This API method requires billing to be enabled. Please enable billing on project #167930901345 by visiting https://console.developers.google.com/billing/enable?project=167930901345 then retry. If you enabled billing for this project recently, wait a few minutes for the action to propagate to our systems and retry.","errors":[{"message":"This API method requires billing to be enabled. Please enable billing on project #167930901345 by visiting https://console.developers.google.com/billing/enable?project=167930901345 then retry. If you enabled billing for this project recently, wait a few minutes for the action to propagate to our systems and retry.","domain":"global","reason":"forbidden"}],"status":"PERMISSION_DENIED","details":[{"@type":"type.googleapis.com/google.rpc.ErrorInfo","reason":"BILLING_DISABLED","domain":"googleapis.com","metadata":{"containerInfo":"167930901345","consumer":"projects/167930901345","consoleUrl":"https://console.developers.google.com/billing/enable?project=167930901345","service":"compute.googleapis.com"}},{"@type":"type.googleapis.com/google.rpc.LocalizedMessage","locale":"en-US","message":"This API method requires billing to be enabled. Please enable billing on project #167930901345 by visiting https://console.developers.google.com/billing/enable?project=167930901345 then retry. If you enabled billing for this project recently, wait a few minutes for the action to propagate to our systems and retry."},{"@type":"type.googleapis.com/google.rpc.Help","links":[{"description":"Google developers console billing","url":"https://console.developers.google.com/billing/enable?project=167930901345"}]}]}},"response":{"statusCode":403}},"exit":1,"message":"Request to https://compute.googleapis.com/compute/v1/projects/167930901345 had HTTP Error: 403, This API method requires billing to be enabled. Please enable billing on project #167930901345 by visiting https://console.developers.google.com/billing/enable?project=167930901345 then retry. If you enabled billing for this project recently, wait a few minutes for the action to propagate to our systems and retry.","status":403}
[debug] [2026-05-08T11:16:04.230Z] Checked if tokens are valid: true, expires at: 1778242545519
[debug] [2026-05-08T11:16:04.230Z] Checked if tokens are valid: true, expires at: 1778242545519
[debug] [2026-05-08T11:16:04.230Z] >>> [apiv2][query] GET https://compute.googleapis.com/compute/v1/projects/167930901345 [none]
[debug] [2026-05-08T11:16:04.540Z] <<< [apiv2][status] GET https://compute.googleapis.com/compute/v1/projects/167930901345 403
[debug] [2026-05-08T11:16:04.541Z] <<< [apiv2][body] GET https://compute.googleapis.com/compute/v1/projects/167930901345 {"error":{"code":403,"message":"This API method requires billing to be enabled. Please enable billing on project #167930901345 by visiting https://console.developers.google.com/billing/enable?project=167930901345 then retry. If you enabled billing for this project recently, wait a few minutes for the action to propagate to our systems and retry.","errors":[{"message":"This API method requires billing to be enabled. Please enable billing on project #167930901345 by visiting https://console.developers.google.com/billing/enable?project=167930901345 then retry. If you enabled billing for this project recently, wait a few minutes for the action to propagate to our systems and retry.","domain":"global","reason":"forbidden"}],"status":"PERMISSION_DENIED","details":[{"@type":"type.googleapis.com/google.rpc.ErrorInfo","reason":"BILLING_DISABLED","domain":"googleapis.com","metadata":{"consoleUrl":"https://console.developers.google.com/billing/enable?project=167930901345","service":"compute.googleapis.com","containerInfo":"167930901345","consumer":"projects/167930901345"}},{"@type":"type.googleapis.com/google.rpc.LocalizedMessage","locale":"en-US","message":"This API method requires billing to be enabled. Please enable billing on project #167930901345 by visiting https://console.developers.google.com/billing/enable?project=167930901345 then retry. If you enabled billing for this project recently, wait a few minutes for the action to propagate to our systems and retry."},{"@type":"type.googleapis.com/google.rpc.Help","links":[{"description":"Google developers console billing","url":"https://console.developers.google.com/billing/enable?project=167930901345"}]}]}}
[debug] [2026-05-08T11:16:04.542Z] unable to look up default compute service account. Falling back to 167930901345-compute@developer.gserviceaccount.com. Error: {"name":"FirebaseError","children":[],"context":{"body":{"error":{"code":403,"message":"This API method requires billing to be enabled. Please enable billing on project #167930901345 by visiting https://console.developers.google.com/billing/enable?project=167930901345 then retry. If you enabled billing for this project recently, wait a few minutes for the action to propagate to our systems and retry.","errors":[{"message":"This API method requires billing to be enabled. Please enable billing on project #167930901345 by visiting https://console.developers.google.com/billing/enable?project=167930901345 then retry. If you enabled billing for this project recently, wait a few minutes for the action to propagate to our systems and retry.","domain":"global","reason":"forbidden"}],"status":"PERMISSION_DENIED","details":[{"@type":"type.googleapis.com/google.rpc.ErrorInfo","reason":"BILLING_DISABLED","domain":"googleapis.com","metadata":{"consoleUrl":"https://console.developers.google.com/billing/enable?project=167930901345","service":"compute.googleapis.com","containerInfo":"167930901345","consumer":"projects/167930901345"}},{"@type":"type.googleapis.com/google.rpc.LocalizedMessage","locale":"en-US","message":"This API method requires billing to be enabled. Please enable billing on project #167930901345 by visiting https://console.developers.google.com/billing/enable?project=167930901345 then retry. If you enabled billing for this project recently, wait a few minutes for the action to propagate to our systems and retry."},{"@type":"type.googleapis.com/google.rpc.Help","links":[{"description":"Google developers console billing","url":"https://console.developers.google.com/billing/enable?project=167930901345"}]}]}},"response":{"statusCode":403}},"exit":1,"message":"Request to https://compute.googleapis.com/compute/v1/projects/167930901345 had HTTP Error: 403, This API method requires billing to be enabled. Please enable billing on project #167930901345 by visiting https://console.developers.google.com/billing/enable?project=167930901345 then retry. If you enabled billing for this project recently, wait a few minutes for the action to propagate to our systems and retry.","status":403}
[debug] [2026-05-08T11:16:04.554Z] Checked if tokens are valid: true, expires at: 1778242545519
[debug] [2026-05-08T11:16:04.555Z] Checked if tokens are valid: true, expires at: 1778242545519
[debug] [2026-05-08T11:16:04.555Z] >>> [apiv2][query] GET https://cloudbilling.googleapis.com/v1/projects/newmorchat/billingInfo [none]
[debug] [2026-05-08T11:16:04.987Z] <<< [apiv2][status] GET https://cloudbilling.googleapis.com/v1/projects/newmorchat/billingInfo 200
[debug] [2026-05-08T11:16:04.987Z] <<< [apiv2][body] GET https://cloudbilling.googleapis.com/v1/projects/newmorchat/billingInfo {"name":"projects/newmorchat/billingInfo","projectId":"newmorchat","billingAccountName":"billingAccounts/018D46-7CD41A-84113C","billingEnabled":false}
[debug] [2026-05-08T11:16:04.988Z] Checked if tokens are valid: true, expires at: 1778242545519
[debug] [2026-05-08T11:16:04.988Z] Checked if tokens are valid: true, expires at: 1778242545519
[debug] [2026-05-08T11:16:04.989Z] >>> [apiv2][query] GET https://cloudbilling.googleapis.com/v1/billingAccounts [none]
[debug] [2026-05-08T11:16:05.382Z] <<< [apiv2][status] GET https://cloudbilling.googleapis.com/v1/billingAccounts 200
[debug] [2026-05-08T11:16:05.386Z] <<< [apiv2][body] GET https://cloudbilling.googleapis.com/v1/billingAccounts {"billingAccounts":[{"name":"billingAccounts/01D7D8-1F2423-807517","open":false,"displayName":"Faturalandırma Hesabım","masterBillingAccount":"","parent":"","currencyCode":"TRY"}],"nextPageToken":""}
[info] 
[info] Extension require your project to be upgraded to the Blaze plan. Please visit the following link to add a billing account:
[info] 
[info] https://console.cloud.google.com/billing/linkedaccount?project=newmorchat
[info] 
[debug] [2026-05-08T11:21:27.350Z] ----------------------------------------------------------------------
[debug] [2026-05-08T11:21:27.358Z] Command:       /usr/local/Cellar/node/25.8.2/bin/node /usr/local/bin/firebase deploy --only functions
[debug] [2026-05-08T11:21:27.358Z] CLI Version:   15.12.0
[debug] [2026-05-08T11:21:27.358Z] Platform:      darwin
[debug] [2026-05-08T11:21:27.359Z] Node Version:  v25.8.2
[debug] [2026-05-08T11:21:27.359Z] Time:          Fri May 08 2026 14:21:27 GMT+0300 (Türkiye Standart Saati)
[debug] [2026-05-08T11:21:27.361Z] ----------------------------------------------------------------------
[debug] 
[debug] [2026-05-08T11:21:28.449Z] > command requires scopes: ["email","openid","https://www.googleapis.com/auth/cloudplatformprojects.readonly","https://www.googleapis.com/auth/firebase","https://www.googleapis.com/auth/cloud-platform"]
[debug] [2026-05-08T11:21:28.450Z] > authorizing via signed-in user (boraatess.1@gmail.com)
[debug] [2026-05-08T11:21:28.451Z] [iam] checking project newmorchat for permissions ["cloudfunctions.functions.create","cloudfunctions.functions.delete","cloudfunctions.functions.get","cloudfunctions.functions.list","cloudfunctions.functions.update","cloudfunctions.operations.get","firebase.projects.get"]
[debug] [2026-05-08T11:21:28.453Z] Checked if tokens are valid: true, expires at: 1778242545519
[debug] [2026-05-08T11:21:28.453Z] Checked if tokens are valid: true, expires at: 1778242545519
[debug] [2026-05-08T11:21:28.454Z] >>> [apiv2][query] POST https://cloudresourcemanager.googleapis.com/v1/projects/newmorchat:testIamPermissions [none]
[debug] [2026-05-08T11:21:28.454Z] >>> [apiv2][(partial)header] POST https://cloudresourcemanager.googleapis.com/v1/projects/newmorchat:testIamPermissions  x-goog-user-project=newmorchat
[debug] [2026-05-08T11:21:28.454Z] >>> [apiv2][body] POST https://cloudresourcemanager.googleapis.com/v1/projects/newmorchat:testIamPermissions {"permissions":["cloudfunctions.functions.create","cloudfunctions.functions.delete","cloudfunctions.functions.get","cloudfunctions.functions.list","cloudfunctions.functions.update","cloudfunctions.operations.get","firebase.projects.get"]}
[debug] [2026-05-08T11:21:29.532Z] <<< [apiv2][status] POST https://cloudresourcemanager.googleapis.com/v1/projects/newmorchat:testIamPermissions 200
[debug] [2026-05-08T11:21:29.532Z] <<< [apiv2][body] POST https://cloudresourcemanager.googleapis.com/v1/projects/newmorchat:testIamPermissions {"permissions":["cloudfunctions.functions.create","cloudfunctions.functions.delete","cloudfunctions.functions.get","cloudfunctions.functions.list","cloudfunctions.functions.update","cloudfunctions.operations.get","firebase.projects.get"]}
[debug] [2026-05-08T11:21:29.534Z] Checked if tokens are valid: true, expires at: 1778242545519
[debug] [2026-05-08T11:21:29.534Z] Checked if tokens are valid: true, expires at: 1778242545519
[debug] [2026-05-08T11:21:29.534Z] >>> [apiv2][query] POST https://iam.googleapis.com/v1/projects/newmorchat/serviceAccounts/newmorchat@appspot.gserviceaccount.com:testIamPermissions [none]
[debug] [2026-05-08T11:21:29.534Z] >>> [apiv2][body] POST https://iam.googleapis.com/v1/projects/newmorchat/serviceAccounts/newmorchat@appspot.gserviceaccount.com:testIamPermissions {"permissions":["iam.serviceAccounts.actAs"]}
[debug] [2026-05-08T11:21:30.476Z] <<< [apiv2][status] POST https://iam.googleapis.com/v1/projects/newmorchat/serviceAccounts/newmorchat@appspot.gserviceaccount.com:testIamPermissions 200
[debug] [2026-05-08T11:21:30.476Z] <<< [apiv2][body] POST https://iam.googleapis.com/v1/projects/newmorchat/serviceAccounts/newmorchat@appspot.gserviceaccount.com:testIamPermissions {"permissions":["iam.serviceAccounts.actAs"]}
[info] 
[info] === Deploying to 'newmorchat'...
[info] 
[info] i  deploying functions 
[debug] [2026-05-08T11:21:30.486Z] Checked if tokens are valid: true, expires at: 1778242545519
[debug] [2026-05-08T11:21:30.486Z] Checked if tokens are valid: true, expires at: 1778242545519
[debug] [2026-05-08T11:21:30.486Z] >>> [apiv2][query] GET https://cloudresourcemanager.googleapis.com/v1/projects/newmorchat [none]
[debug] [2026-05-08T11:21:30.727Z] <<< [apiv2][status] GET https://cloudresourcemanager.googleapis.com/v1/projects/newmorchat 200
[debug] [2026-05-08T11:21:30.728Z] <<< [apiv2][body] GET https://cloudresourcemanager.googleapis.com/v1/projects/newmorchat {"projectNumber":"167930901345","projectId":"newmorchat","lifecycleState":"ACTIVE","name":"newMorchat","labels":{"firebase":"enabled"},"createTime":"2024-11-01T23:21:31.450151Z"}
[info] i  functions: preparing codebase default for deployment 
[info] i  functions: ensuring required API cloudfunctions.googleapis.com is enabled... 
[info] i  functions: ensuring required API cloudbuild.googleapis.com is enabled... 
[info] i  artifactregistry: ensuring required API artifactregistry.googleapis.com is enabled... 
[debug] [2026-05-08T11:21:30.730Z] Checked if tokens are valid: true, expires at: 1778242545519
[debug] [2026-05-08T11:21:30.730Z] Checked if tokens are valid: true, expires at: 1778242545519
[debug] [2026-05-08T11:21:30.730Z] >>> [apiv2][query] GET https://firebase.googleapis.com/v1beta1/projects/newmorchat/adminSdkConfig [none]
[debug] [2026-05-08T11:21:31.309Z] <<< [apiv2][status] GET https://firebase.googleapis.com/v1beta1/projects/newmorchat/adminSdkConfig 200
[debug] [2026-05-08T11:21:31.310Z] <<< [apiv2][body] GET https://firebase.googleapis.com/v1beta1/projects/newmorchat/adminSdkConfig {"projectId":"newmorchat","databaseURL":"https://newmorchat-default-rtdb.europe-west1.firebasedatabase.app","storageBucket":"newmorchat.firebasestorage.app"}
[debug] [2026-05-08T11:21:31.314Z] Validating nodejs source
[warn] ⚠  functions: package.json indicates an outdated version of firebase-functions. Please upgrade using npm install --save firebase-functions@latest in your functions directory. 
[debug] [2026-05-08T11:21:32.280Z] > [functions] package.json contents: {
  "name": "functions",
  "description": "Cloud Functions for Firebase",
  "scripts": {
    "serve": "firebase emulators:start --only functions",
    "shell": "firebase functions:shell",
    "start": "npm run shell",
    "deploy": "firebase deploy --only functions",
    "logs": "firebase functions:log"
  },
  "engines": {
    "node": "22"
  },
  "main": "index.js",
  "dependencies": {
    "@parse/node-apn": "^7.1.0",
    "firebase-admin": "^13.6.0",
    "firebase-functions": "^7.0.0"
  },
  "devDependencies": {
    "firebase-functions-test": "^3.4.1"
  },
  "private": true
}
[debug] [2026-05-08T11:21:32.280Z] Building nodejs source
[info] i  functions: Loading and analyzing source code for codebase default to determine what to deploy 
[debug] [2026-05-08T11:21:32.282Z] Could not find functions.yaml. Must use http discovery
[debug] [2026-05-08T11:21:32.294Z] Found firebase-functions binary at '/Users/boraates/Desktop/MorChatAppiOS/functions/node_modules/.bin/firebase-functions'
[info] Serving at port 8689

[debug] [2026-05-08T11:21:33.135Z] Got response from /__/functions.yaml {"endpoints":{"oncallcreated":{"availableMemoryMb":null,"timeoutSeconds":null,"minInstances":null,"maxInstances":10,"ingressSettings":null,"concurrency":null,"serviceAccountEmail":null,"vpc":null,"platform":"gcfv2","labels":{},"eventTrigger":{"eventType":"google.cloud.firestore.document.v1.created","eventFilters":{"database":"(default)","namespace":"(default)"},"eventFilterPathPatterns":{"document":"Calls/{callId}"},"retry":false},"entryPoint":"oncallcreated"}},"specVersion":"v1alpha1","requiredAPIs":[],"extensions":{}}
[info] i  extensions: ensuring required API firebaseextensions.googleapis.com is enabled... 
[debug] [2026-05-08T11:21:37.196Z] > command requires scopes: ["email","openid","https://www.googleapis.com/auth/cloudplatformprojects.readonly","https://www.googleapis.com/auth/firebase","https://www.googleapis.com/auth/cloud-platform"]
[debug] [2026-05-08T11:21:37.197Z] > authorizing via signed-in user (boraatess.1@gmail.com)
[debug] [2026-05-08T11:21:37.197Z] [iam] checking project newmorchat for permissions ["firebase.projects.get","firebaseextensions.instances.list"]
[debug] [2026-05-08T11:21:37.198Z] Checked if tokens are valid: true, expires at: 1778242545519
[debug] [2026-05-08T11:21:37.198Z] Checked if tokens are valid: true, expires at: 1778242545519
[debug] [2026-05-08T11:21:37.198Z] >>> [apiv2][query] POST https://cloudresourcemanager.googleapis.com/v1/projects/newmorchat:testIamPermissions [none]
[debug] [2026-05-08T11:21:37.198Z] >>> [apiv2][(partial)header] POST https://cloudresourcemanager.googleapis.com/v1/projects/newmorchat:testIamPermissions  x-goog-user-project=newmorchat
[debug] [2026-05-08T11:21:37.198Z] >>> [apiv2][body] POST https://cloudresourcemanager.googleapis.com/v1/projects/newmorchat:testIamPermissions {"permissions":["firebase.projects.get","firebaseextensions.instances.list"]}
[debug] [2026-05-08T11:21:38.314Z] <<< [apiv2][status] POST https://cloudresourcemanager.googleapis.com/v1/projects/newmorchat:testIamPermissions 200
[debug] [2026-05-08T11:21:38.315Z] <<< [apiv2][body] POST https://cloudresourcemanager.googleapis.com/v1/projects/newmorchat:testIamPermissions {"permissions":["firebase.projects.get","firebaseextensions.instances.list"]}
[debug] [2026-05-08T11:21:38.317Z] Checked if tokens are valid: true, expires at: 1778242545519
[debug] [2026-05-08T11:21:38.317Z] Checked if tokens are valid: true, expires at: 1778242545519
[debug] [2026-05-08T11:21:38.318Z] >>> [apiv2][query] GET https://firebaseextensions.googleapis.com/v1beta/projects/newmorchat/instances pageSize=100&pageToken=
[debug] [2026-05-08T11:21:39.359Z] <<< [apiv2][status] GET https://firebaseextensions.googleapis.com/v1beta/projects/newmorchat/instances 200
[debug] [2026-05-08T11:21:39.360Z] <<< [apiv2][body] GET https://firebaseextensions.googleapis.com/v1beta/projects/newmorchat/instances {}
[info] i  functions: preparing functions directory for uploading... 
[info] i  functions: packaged /Users/boraates/Desktop/MorChatAppiOS/functions (74.6 KB) for uploading 
[debug] [2026-05-08T11:21:39.449Z] Checked if tokens are valid: true, expires at: 1778242545519
[debug] [2026-05-08T11:21:39.450Z] Checked if tokens are valid: true, expires at: 1778242545519
[debug] [2026-05-08T11:21:39.450Z] >>> [apiv2][query] GET https://cloudfunctions.googleapis.com/v1/projects/newmorchat/locations/-/functions [none]
[debug] [2026-05-08T11:21:40.670Z] <<< [apiv2][status] GET https://cloudfunctions.googleapis.com/v1/projects/newmorchat/locations/-/functions 200
[debug] [2026-05-08T11:21:40.671Z] <<< [apiv2][body] GET https://cloudfunctions.googleapis.com/v1/projects/newmorchat/locations/-/functions {}
[debug] [2026-05-08T11:21:40.672Z] Checked if tokens are valid: true, expires at: 1778242545519
[debug] [2026-05-08T11:21:40.672Z] Checked if tokens are valid: true, expires at: 1778242545519
[debug] [2026-05-08T11:21:40.672Z] >>> [apiv2][query] GET https://cloudfunctions.googleapis.com/v2/projects/newmorchat/locations/-/functions filter=environment%3D%22GEN_2%22
[debug] [2026-05-08T11:21:41.699Z] <<< [apiv2][status] GET https://cloudfunctions.googleapis.com/v2/projects/newmorchat/locations/-/functions 200
[debug] [2026-05-08T11:21:41.701Z] <<< [apiv2][body] GET https://cloudfunctions.googleapis.com/v2/projects/newmorchat/locations/-/functions {"functions":[{"name":"projects/newmorchat/locations/us-central1/functions/modifyuser","buildConfig":{"build":"projects/167930901345/locations/us-central1/builds/e8670813-fb40-444b-af26-1714e6a5cd9d","runtime":"nodejs18","entryPoint":"modifyuser","source":{"storageSource":{"bucket":"gcf-v2-sources-167930901345-us-central1","object":"modifyuser/function-source.zip","generation":"1731206540127931"}},"environmentVariables":{"GOOGLE_NODE_RUN_SCRIPTS":""},"dockerRepository":"projects/newmorchat/locations/us-central1/repositories/gcf-artifacts","sourceProvenance":{"resolvedStorageSource":{"bucket":"gcf-v2-sources-167930901345-us-central1","object":"modifyuser/function-source.zip","generation":"1731206540127931"}},"dockerRegistry":"ARTIFACT_REGISTRY","serviceAccount":"projects/newmorchat/serviceAccounts/167930901345-compute@developer.gserviceaccount.com","automaticUpdatePolicy":{}},"state":"FAILED","updateTime":"2026-05-07T18:52:21.558408331Z","labels":{"deployment-tool":"cli-firebase","firebase-functions-hash":"00d08fa5142f6965f99dfecdf76eb8622683987b"},"stateMessages":[{"severity":"ERROR","type":"CloudRunServiceNotFound","message":"Cloud Run service projects/newmorchat/locations/us-central1/services/modifyuser for the function was not found. The function will not work correctly. Please redeploy."},{"severity":"ERROR","type":"EventarcTriggerNotFound","message":"Eventarc trigger projects/newmorchat/locations/eur3/triggers/modifyuser-923468 for the function was not found. The function may not work correctly. Please redeploy."}],"environment":"GEN_2","url":"https://us-central1-newmorchat.cloudfunctions.net/modifyuser","createTime":"2024-11-10T02:42:21.536300697Z"},{"name":"projects/newmorchat/locations/us-central1/functions/notificationNewXstory","buildConfig":{"build":"projects/167930901345/locations/us-central1/builds/178a226b-c3a1-43a8-ac2c-ee63308e9c16","runtime":"nodejs18","entryPoint":"notificationNewXstory","source":{"storageSource":{"bucket":"gcf-v2-sources-167930901345-us-central1","object":"notificationNewXstory/function-source.zip","generation":"1731200663084901"}},"environmentVariables":{"GOOGLE_NODE_RUN_SCRIPTS":""},"dockerRepository":"projects/newmorchat/locations/us-central1/repositories/gcf-artifacts","sourceProvenance":{"resolvedStorageSource":{"bucket":"gcf-v2-sources-167930901345-us-central1","object":"notificationNewXstory/function-source.zip","generation":"1731200663084901"}},"dockerRegistry":"ARTIFACT_REGISTRY","serviceAccount":"projects/newmorchat/serviceAccounts/167930901345-compute@developer.gserviceaccount.com","automaticUpdatePolicy":{}},"state":"FAILED","updateTime":"2026-05-07T18:52:21.406275449Z","labels":{"deployment-tool":"cli-firebase","firebase-functions-hash":"ae16135523c704c12865a1ce8c21c71b2aa1cf81"},"stateMessages":[{"severity":"ERROR","type":"CloudRunServiceNotFound","message":"Cloud Run service projects/newmorchat/locations/us-central1/services/notificationnewxstory for the function was not found. The function will not work correctly. Please redeploy."}],"environment":"GEN_2","url":"https://us-central1-newmorchat.cloudfunctions.net/notificationNewXstory","createTime":"2024-11-10T01:04:23.341729569Z"},{"name":"projects/newmorchat/locations/us-central1/functions/sendPush","buildConfig":{"build":"projects/167930901345/locations/us-central1/builds/da0ce690-15fd-40a7-a944-af68da96f51e","runtime":"nodejs18","entryPoint":"sendPush","source":{"storageSource":{"bucket":"gcf-v2-sources-167930901345-us-central1","object":"sendPush/function-source.zip","generation":"1731207133323061"}},"environmentVariables":{"GOOGLE_NODE_RUN_SCRIPTS":""},"dockerRepository":"projects/newmorchat/locations/us-central1/repositories/gcf-artifacts","sourceProvenance":{"resolvedStorageSource":{"bucket":"gcf-v2-sources-167930901345-us-central1","object":"sendPush/function-source.zip","generation":"1731207133323061"}},"dockerRegistry":"ARTIFACT_REGISTRY","serviceAccount":"projects/newmorchat/serviceAccounts/167930901345-compute@developer.gserviceaccount.com","automaticUpdatePolicy":{}},"state":"FAILED","updateTime":"2026-05-07T18:52:21.610064381Z","labels":{"deployment-tool":"cli-firebase","firebase-functions-hash":"d5b7c8017d184f8b26ced824e96c0829f7287196"},"stateMessages":[{"severity":"ERROR","type":"CloudRunServiceNotFound","message":"Cloud Run service projects/newmorchat/locations/us-central1/services/sendpush for the function was not found. The function will not work correctly. Please redeploy."},{"severity":"ERROR","type":"EventarcTriggerNotFound","message":"Eventarc trigger projects/newmorchat/locations/eur3/triggers/sendpush-022505 for the function was not found. The function may not work correctly. Please redeploy."}],"environment":"GEN_2","url":"https://us-central1-newmorchat.cloudfunctions.net/sendPush","createTime":"2024-11-10T02:52:14.939017010Z"},{"name":"projects/newmorchat/locations/us-central1/functions/oncallcreated","buildConfig":{"build":"projects/167930901345/locations/us-central1/builds/1603b5ba-7a0b-4af9-82e8-0bd12b29a142","runtime":"nodejs22","entryPoint":"oncallcreated","source":{"storageSource":{"bucket":"gcf-v2-sources-167930901345-us-central1","object":"oncallcreated/function-source.zip","generation":"1777225786711736"}},"environmentVariables":{"GOOGLE_NODE_RUN_SCRIPTS":""},"dockerRepository":"projects/newmorchat/locations/us-central1/repositories/gcf-artifacts","sourceProvenance":{"resolvedStorageSource":{"bucket":"gcf-v2-sources-167930901345-us-central1","object":"oncallcreated/function-source.zip","generation":"1777225786711736"}},"dockerRegistry":"ARTIFACT_REGISTRY","serviceAccount":"projects/newmorchat/serviceAccounts/167930901345-compute@developer.gserviceaccount.com","automaticUpdatePolicy":{}},"serviceConfig":{"service":"projects/newmorchat/locations/us-central1/services/oncallcreated","timeoutSeconds":60,"environmentVariables":{"FIREBASE_CONFIG":"{\"projectId\":\"newmorchat\",\"databaseURL\":\"https://newmorchat-default-rtdb.europe-west1.firebasedatabase.app\",\"storageBucket\":\"newmorchat.firebasestorage.app\"}","GCLOUD_PROJECT":"newmorchat","EVENTARC_CLOUD_EVENT_SOURCE":"projects/newmorchat/locations/us-central1/services/oncallcreated","FUNCTION_SIGNATURE_TYPE":"cloudevent","FUNCTION_TARGET":"oncallcreated","LOG_EXECUTION_ID":"true"},"maxInstanceCount":10,"ingressSettings":"ALLOW_ALL","uri":"https://oncallcreated-ov3gwwaa7q-uc.a.run.app","serviceAccountEmail":"167930901345-compute@developer.gserviceaccount.com","availableMemory":"256Mi","allTrafficOnLatestRevision":true,"revision":"oncallcreated-00004-nem","maxInstanceRequestConcurrency":80,"availableCpu":"1"},"state":"UNKNOWN","updateTime":"2026-05-07T18:52:21.577985991Z","labels":{"deployment-tool":"cli-firebase","firebase-functions-hash":"16a5e3575f5c8e6be0532ece2914924fb88043ef"},"stateMessages":[{"severity":"ERROR","type":"EventarcTriggerNotFound","message":"Eventarc trigger projects/newmorchat/locations/eur3/triggers/oncallcreated-929173 for the function was not found. The function may not work correctly. Please redeploy."}],"environment":"GEN_2","url":"https://us-central1-newmorchat.cloudfunctions.net/oncallcreated","createTime":"2026-03-28T16:52:13.055102885Z"}]}
[debug] [2026-05-08T11:21:41.703Z] Checked if tokens are valid: true, expires at: 1778242545519
[debug] [2026-05-08T11:21:41.703Z] Checked if tokens are valid: true, expires at: 1778242545519
[debug] [2026-05-08T11:21:41.703Z] >>> [apiv2][query] GET https://firestore.googleapis.com/v1/projects/newmorchat/databases/(default) [none]
[debug] [2026-05-08T11:21:42.257Z] <<< [apiv2][status] GET https://firestore.googleapis.com/v1/projects/newmorchat/databases/(default) 200
[debug] [2026-05-08T11:21:42.257Z] <<< [apiv2][body] GET https://firestore.googleapis.com/v1/projects/newmorchat/databases/(default) {"name":"projects/newmorchat/databases/(default)","uid":"58054e6b-0b47-4340-a003-ea77e9ef794f","createTime":"2024-11-01T23:39:28.696910Z","updateTime":"2024-11-01T23:39:28.696910Z","locationId":"eur3","type":"FIRESTORE_NATIVE","concurrencyMode":"PESSIMISTIC","versionRetentionPeriod":"3600s","earliestVersionTime":"2026-05-08T10:21:42.293497Z","appEngineIntegrationMode":"DISABLED","keyPrefix":"e","pointInTimeRecoveryEnablement":"POINT_IN_TIME_RECOVERY_DISABLED","deleteProtectionState":"DELETE_PROTECTION_DISABLED","backupConfig":{"backupSchedulesEnabled":true},"databaseEdition":"STANDARD","freeTier":true,"realtimeUpdatesMode":"REALTIME_UPDATES_MODE_ENABLED","etag":"INarwc/JqZQDMJe0zNCI5JID"}
[info] i  functions: ensuring required API run.googleapis.com is enabled... 
[info] i  functions: ensuring required API eventarc.googleapis.com is enabled... 
[info] i  functions: ensuring required API pubsub.googleapis.com is enabled... 
[info] i  functions: ensuring required API storage.googleapis.com is enabled... 
[info] i  functions: generating the service identity for pubsub.googleapis.com... 
[debug] [2026-05-08T11:21:42.263Z] Checked if tokens are valid: true, expires at: 1778242545519
[debug] [2026-05-08T11:21:42.263Z] Checked if tokens are valid: true, expires at: 1778242545519
[info] i  functions: generating the service identity for eventarc.googleapis.com... 
[debug] [2026-05-08T11:21:42.264Z] Checked if tokens are valid: true, expires at: 1778242545519
[debug] [2026-05-08T11:21:42.264Z] Checked if tokens are valid: true, expires at: 1778242545519
[debug] [2026-05-08T11:21:42.265Z] >>> [apiv2][query] POST https://serviceusage.googleapis.com/v1beta1/projects/167930901345/services/pubsub.googleapis.com:generateServiceIdentity [none]
[debug] [2026-05-08T11:21:42.265Z] >>> [apiv2][(partial)header] POST https://serviceusage.googleapis.com/v1beta1/projects/167930901345/services/pubsub.googleapis.com:generateServiceIdentity  x-goog-user-project=167930901345
[debug] [2026-05-08T11:21:42.265Z] >>> [apiv2][body] POST https://serviceusage.googleapis.com/v1beta1/projects/167930901345/services/pubsub.googleapis.com:generateServiceIdentity {}
[debug] [2026-05-08T11:21:42.268Z] >>> [apiv2][query] POST https://serviceusage.googleapis.com/v1beta1/projects/167930901345/services/eventarc.googleapis.com:generateServiceIdentity [none]
[debug] [2026-05-08T11:21:42.268Z] >>> [apiv2][(partial)header] POST https://serviceusage.googleapis.com/v1beta1/projects/167930901345/services/eventarc.googleapis.com:generateServiceIdentity  x-goog-user-project=167930901345
[debug] [2026-05-08T11:21:42.268Z] >>> [apiv2][body] POST https://serviceusage.googleapis.com/v1beta1/projects/167930901345/services/eventarc.googleapis.com:generateServiceIdentity {}
[debug] [2026-05-08T11:21:43.556Z] <<< [apiv2][status] POST https://serviceusage.googleapis.com/v1beta1/projects/167930901345/services/eventarc.googleapis.com:generateServiceIdentity 200
[debug] [2026-05-08T11:21:43.557Z] <<< [apiv2][body] POST https://serviceusage.googleapis.com/v1beta1/projects/167930901345/services/eventarc.googleapis.com:generateServiceIdentity {"name":"operations/finished.DONE_OPERATION","done":true,"response":{"@type":"type.googleapis.com/google.api.serviceusage.v1beta1.ServiceIdentity","email":"service-167930901345@gcp-sa-eventarc.iam.gserviceaccount.com","uniqueId":"113239666760119784149"}}
[debug] [2026-05-08T11:21:43.557Z] <<< [apiv2][status] POST https://serviceusage.googleapis.com/v1beta1/projects/167930901345/services/pubsub.googleapis.com:generateServiceIdentity 200
[debug] [2026-05-08T11:21:43.558Z] <<< [apiv2][body] POST https://serviceusage.googleapis.com/v1beta1/projects/167930901345/services/pubsub.googleapis.com:generateServiceIdentity {"name":"operations/finished.DONE_OPERATION","done":true,"response":{"@type":"type.googleapis.com/google.api.serviceusage.v1beta1.ServiceIdentity","email":"service-167930901345@gcp-sa-pubsub.iam.gserviceaccount.com","uniqueId":"112958319929547535454"}}
[debug] [2026-05-08T11:21:43.563Z] Checked if tokens are valid: true, expires at: 1778242545519
[debug] [2026-05-08T11:21:43.563Z] Checked if tokens are valid: true, expires at: 1778242545519
[debug] [2026-05-08T11:21:43.563Z] >>> [apiv2][query] GET https://compute.googleapis.com/compute/v1/projects/167930901345 [none]
[debug] [2026-05-08T11:21:43.964Z] <<< [apiv2][status] GET https://compute.googleapis.com/compute/v1/projects/167930901345 403
[debug] [2026-05-08T11:21:43.965Z] <<< [apiv2][body] GET https://compute.googleapis.com/compute/v1/projects/167930901345 {"error":{"code":403,"message":"This API method requires billing to be enabled. Please enable billing on project #167930901345 by visiting https://console.developers.google.com/billing/enable?project=167930901345 then retry. If you enabled billing for this project recently, wait a few minutes for the action to propagate to our systems and retry.","errors":[{"message":"This API method requires billing to be enabled. Please enable billing on project #167930901345 by visiting https://console.developers.google.com/billing/enable?project=167930901345 then retry. If you enabled billing for this project recently, wait a few minutes for the action to propagate to our systems and retry.","domain":"global","reason":"forbidden"}],"status":"PERMISSION_DENIED","details":[{"@type":"type.googleapis.com/google.rpc.ErrorInfo","reason":"BILLING_DISABLED","domain":"googleapis.com","metadata":{"containerInfo":"167930901345","consumer":"projects/167930901345","consoleUrl":"https://console.developers.google.com/billing/enable?project=167930901345","service":"compute.googleapis.com"}},{"@type":"type.googleapis.com/google.rpc.LocalizedMessage","locale":"en-US","message":"This API method requires billing to be enabled. Please enable billing on project #167930901345 by visiting https://console.developers.google.com/billing/enable?project=167930901345 then retry. If you enabled billing for this project recently, wait a few minutes for the action to propagate to our systems and retry."},{"@type":"type.googleapis.com/google.rpc.Help","links":[{"description":"Google developers console billing","url":"https://console.developers.google.com/billing/enable?project=167930901345"}]}]}}
[debug] [2026-05-08T11:21:43.968Z] unable to look up default compute service account. Falling back to 167930901345-compute@developer.gserviceaccount.com. Error: {"name":"FirebaseError","children":[],"context":{"body":{"error":{"code":403,"message":"This API method requires billing to be enabled. Please enable billing on project #167930901345 by visiting https://console.developers.google.com/billing/enable?project=167930901345 then retry. If you enabled billing for this project recently, wait a few minutes for the action to propagate to our systems and retry.","errors":[{"message":"This API method requires billing to be enabled. Please enable billing on project #167930901345 by visiting https://console.developers.google.com/billing/enable?project=167930901345 then retry. If you enabled billing for this project recently, wait a few minutes for the action to propagate to our systems and retry.","domain":"global","reason":"forbidden"}],"status":"PERMISSION_DENIED","details":[{"@type":"type.googleapis.com/google.rpc.ErrorInfo","reason":"BILLING_DISABLED","domain":"googleapis.com","metadata":{"containerInfo":"167930901345","consumer":"projects/167930901345","consoleUrl":"https://console.developers.google.com/billing/enable?project=167930901345","service":"compute.googleapis.com"}},{"@type":"type.googleapis.com/google.rpc.LocalizedMessage","locale":"en-US","message":"This API method requires billing to be enabled. Please enable billing on project #167930901345 by visiting https://console.developers.google.com/billing/enable?project=167930901345 then retry. If you enabled billing for this project recently, wait a few minutes for the action to propagate to our systems and retry."},{"@type":"type.googleapis.com/google.rpc.Help","links":[{"description":"Google developers console billing","url":"https://console.developers.google.com/billing/enable?project=167930901345"}]}]}},"response":{"statusCode":403}},"exit":1,"message":"Request to https://compute.googleapis.com/compute/v1/projects/167930901345 had HTTP Error: 403, This API method requires billing to be enabled. Please enable billing on project #167930901345 by visiting https://console.developers.google.com/billing/enable?project=167930901345 then retry. If you enabled billing for this project recently, wait a few minutes for the action to propagate to our systems and retry.","status":403}
[debug] [2026-05-08T11:21:43.968Z] Checked if tokens are valid: true, expires at: 1778242545519
[debug] [2026-05-08T11:21:43.969Z] Checked if tokens are valid: true, expires at: 1778242545519
[debug] [2026-05-08T11:21:43.969Z] >>> [apiv2][query] POST https://cloudresourcemanager.googleapis.com/v1/projects/167930901345:getIamPolicy [none]
[debug] [2026-05-08T11:21:45.130Z] <<< [apiv2][status] POST https://cloudresourcemanager.googleapis.com/v1/projects/167930901345:getIamPolicy 200
[debug] [2026-05-08T11:21:45.131Z] <<< [apiv2][body] POST https://cloudresourcemanager.googleapis.com/v1/projects/167930901345:getIamPolicy {"version":1,"etag":"BwZOGHT9MFM=","bindings":[{"role":"roles/artifactregistry.serviceAgent","members":["serviceAccount:service-167930901345@gcp-sa-artifactregistry.iam.gserviceaccount.com"]},{"role":"roles/cloudaicompanion.serviceAgent","members":["serviceAccount:service-167930901345@gcp-sa-cloudaicompanion.iam.gserviceaccount.com"]},{"role":"roles/cloudbuild.builds.builder","members":["serviceAccount:167930901345@cloudbuild.gserviceaccount.com"]},{"role":"roles/cloudbuild.serviceAgent","members":["serviceAccount:service-167930901345@gcp-sa-cloudbuild.iam.gserviceaccount.com"]},{"role":"roles/cloudfunctions.admin","members":["serviceAccount:firebase-adminsdk-renqx@newmorchat.iam.gserviceaccount.com"]},{"role":"roles/cloudfunctions.serviceAgent","members":["serviceAccount:service-167930901345@gcf-admin-robot.iam.gserviceaccount.com"]},{"role":"roles/cloudscheduler.serviceAgent","members":["serviceAccount:service-167930901345@gcp-sa-cloudscheduler.iam.gserviceaccount.com"]},{"role":"roles/compute.serviceAgent","members":["serviceAccount:service-167930901345@compute-system.iam.gserviceaccount.com"]},{"role":"roles/containeranalysis.ServiceAgent","members":["serviceAccount:service-167930901345@container-analysis.iam.gserviceaccount.com"]},{"role":"roles/containerregistry.ServiceAgent","members":["serviceAccount:service-167930901345@containerregistry.iam.gserviceaccount.com"]},{"role":"roles/containerscanning.ServiceAgent","members":["serviceAccount:service-167930901345@gcp-sa-containerscanning.iam.gserviceaccount.com"]},{"role":"roles/editor","members":["serviceAccount:167930901345-compute@developer.gserviceaccount.com","serviceAccount:167930901345@cloudservices.gserviceaccount.com","serviceAccount:newmorchat@appspot.gserviceaccount.com","user:boraatess.1@gmail.com"]},{"role":"roles/eventarc.eventReceiver","members":["serviceAccount:167930901345-compute@developer.gserviceaccount.com"]},{"role":"roles/eventarc.serviceAgent","members":["serviceAccount:service-167930901345@gcp-sa-eventarc.iam.gserviceaccount.com"]},{"role":"roles/firebase.admin_withcond_846724b42f9030e9bd24","members":["user:boraatess.1@gmail.com"]},{"role":"roles/firebase.appDistributionSdkServiceAgent","members":["serviceAccount:firebase-adminsdk-renqx@newmorchat.iam.gserviceaccount.com"]},{"role":"roles/firebase.managementServiceAgent","members":["serviceAccount:firebase-service-account@firebase-sa-management.iam.gserviceaccount.com","serviceAccount:service-167930901345@gcp-sa-firebase.iam.gserviceaccount.com"]},{"role":"roles/firebase.sdkAdminServiceAgent","members":["serviceAccount:firebase-adminsdk-renqx@newmorchat.iam.gserviceaccount.com"]},{"role":"roles/firebaseappcheck.admin","members":["serviceAccount:firebase-adminsdk-renqx@newmorchat.iam.gserviceaccount.com"]},{"role":"roles/firebaseappcheck.serviceAgent","members":["serviceAccount:service-167930901345@gcp-sa-firebaseappcheck.iam.gserviceaccount.com"]},{"role":"roles/firebaseauth.admin","members":["serviceAccount:firebase-adminsdk-renqx@newmorchat.iam.gserviceaccount.com"]},{"role":"roles/firebasedatabase.admin","members":["serviceAccount:firebase-adminsdk-renqx@newmorchat.iam.gserviceaccount.com"]},{"role":"roles/firebasemods.serviceAgent","members":["serviceAccount:service-167930901345@gcp-sa-firebasemods.iam.gserviceaccount.com"]},{"role":"roles/firebaserules.system","members":["serviceAccount:service-167930901345@firebase-rules.iam.gserviceaccount.com"]},{"role":"roles/firebasestorage.serviceAgent","members":["serviceAccount:service-167930901345@gcp-sa-firebasestorage.iam.gserviceaccount.com"]},{"role":"roles/firestore.serviceAgent","members":["serviceAccount:service-167930901345@gcp-sa-firestore.iam.gserviceaccount.com"]},{"role":"roles/iam.serviceAccountTokenCreator","members":["serviceAccount:firebase-adminsdk-renqx@newmorchat.iam.gserviceaccount.com","serviceAccount:service-167930901345@gcp-sa-pubsub.iam.gserviceaccount.com"]},{"role":"roles/identitytoolkit.serviceAgent","members":["serviceAccount:service-167930901345@gcp-sa-identitytoolkit.iam.gserviceaccount.com"]},{"role":"roles/owner","members":["user:zionfrw@gmail.com"]},{"role":"roles/pubsub.serviceAgent","members":["serviceAccount:service-167930901345@gcp-sa-pubsub.iam.gserviceaccount.com"]},{"role":"roles/run.invoker","members":["serviceAccount:167930901345-compute@developer.gserviceaccount.com"]},{"role":"roles/run.serviceAgent","members":["serviceAccount:service-167930901345@serverless-robot-prod.iam.gserviceaccount.com"]},{"role":"roles/storage.admin","members":["serviceAccount:firebase-adminsdk-renqx@newmorchat.iam.gserviceaccount.com"]}]}
[debug] [2026-05-08T11:21:45.134Z] Checked if tokens are valid: true, expires at: 1778242545519
[debug] [2026-05-08T11:21:45.134Z] Checked if tokens are valid: true, expires at: 1778242545519
[debug] [2026-05-08T11:21:45.134Z] >>> [apiv2][query] GET https://cloudresourcemanager.googleapis.com/v1/projects/newmorchat [none]
[debug] [2026-05-08T11:21:45.361Z] <<< [apiv2][status] GET https://cloudresourcemanager.googleapis.com/v1/projects/newmorchat 200
[debug] [2026-05-08T11:21:45.362Z] <<< [apiv2][body] GET https://cloudresourcemanager.googleapis.com/v1/projects/newmorchat {"projectNumber":"167930901345","projectId":"newmorchat","lifecycleState":"ACTIVE","name":"newMorchat","labels":{"firebase":"enabled"},"createTime":"2024-11-01T23:21:31.450151Z"}
[debug] [2026-05-08T11:21:45.363Z] Checked if tokens are valid: true, expires at: 1778242545519
[debug] [2026-05-08T11:21:45.364Z] Checked if tokens are valid: true, expires at: 1778242545519
[debug] [2026-05-08T11:21:45.364Z] >>> [apiv2][query] GET https://compute.googleapis.com/compute/v1/projects/167930901345 [none]
[debug] [2026-05-08T11:21:45.648Z] <<< [apiv2][status] GET https://compute.googleapis.com/compute/v1/projects/167930901345 403
[debug] [2026-05-08T11:21:45.649Z] <<< [apiv2][body] GET https://compute.googleapis.com/compute/v1/projects/167930901345 {"error":{"code":403,"message":"This API method requires billing to be enabled. Please enable billing on project #167930901345 by visiting https://console.developers.google.com/billing/enable?project=167930901345 then retry. If you enabled billing for this project recently, wait a few minutes for the action to propagate to our systems and retry.","errors":[{"message":"This API method requires billing to be enabled. Please enable billing on project #167930901345 by visiting https://console.developers.google.com/billing/enable?project=167930901345 then retry. If you enabled billing for this project recently, wait a few minutes for the action to propagate to our systems and retry.","domain":"global","reason":"forbidden"}],"status":"PERMISSION_DENIED","details":[{"@type":"type.googleapis.com/google.rpc.ErrorInfo","reason":"BILLING_DISABLED","domain":"googleapis.com","metadata":{"service":"compute.googleapis.com","consoleUrl":"https://console.developers.google.com/billing/enable?project=167930901345","containerInfo":"167930901345","consumer":"projects/167930901345"}},{"@type":"type.googleapis.com/google.rpc.LocalizedMessage","locale":"en-US","message":"This API method requires billing to be enabled. Please enable billing on project #167930901345 by visiting https://console.developers.google.com/billing/enable?project=167930901345 then retry. If you enabled billing for this project recently, wait a few minutes for the action to propagate to our systems and retry."},{"@type":"type.googleapis.com/google.rpc.Help","links":[{"description":"Google developers console billing","url":"https://console.developers.google.com/billing/enable?project=167930901345"}]}]}}
[debug] [2026-05-08T11:21:45.650Z] unable to look up default compute service account. Falling back to 167930901345-compute@developer.gserviceaccount.com. Error: {"name":"FirebaseError","children":[],"context":{"body":{"error":{"code":403,"message":"This API method requires billing to be enabled. Please enable billing on project #167930901345 by visiting https://console.developers.google.com/billing/enable?project=167930901345 then retry. If you enabled billing for this project recently, wait a few minutes for the action to propagate to our systems and retry.","errors":[{"message":"This API method requires billing to be enabled. Please enable billing on project #167930901345 by visiting https://console.developers.google.com/billing/enable?project=167930901345 then retry. If you enabled billing for this project recently, wait a few minutes for the action to propagate to our systems and retry.","domain":"global","reason":"forbidden"}],"status":"PERMISSION_DENIED","details":[{"@type":"type.googleapis.com/google.rpc.ErrorInfo","reason":"BILLING_DISABLED","domain":"googleapis.com","metadata":{"service":"compute.googleapis.com","consoleUrl":"https://console.developers.google.com/billing/enable?project=167930901345","containerInfo":"167930901345","consumer":"projects/167930901345"}},{"@type":"type.googleapis.com/google.rpc.LocalizedMessage","locale":"en-US","message":"This API method requires billing to be enabled. Please enable billing on project #167930901345 by visiting https://console.developers.google.com/billing/enable?project=167930901345 then retry. If you enabled billing for this project recently, wait a few minutes for the action to propagate to our systems and retry."},{"@type":"type.googleapis.com/google.rpc.Help","links":[{"description":"Google developers console billing","url":"https://console.developers.google.com/billing/enable?project=167930901345"}]}]}},"response":{"statusCode":403}},"exit":1,"message":"Request to https://compute.googleapis.com/compute/v1/projects/167930901345 had HTTP Error: 403, This API method requires billing to be enabled. Please enable billing on project #167930901345 by visiting https://console.developers.google.com/billing/enable?project=167930901345 then retry. If you enabled billing for this project recently, wait a few minutes for the action to propagate to our systems and retry.","status":403}
[debug] [2026-05-08T11:21:45.651Z] Checked if tokens are valid: true, expires at: 1778242545519
[debug] [2026-05-08T11:21:45.651Z] Checked if tokens are valid: true, expires at: 1778242545519
[debug] [2026-05-08T11:21:45.651Z] >>> [apiv2][query] GET https://compute.googleapis.com/compute/v1/projects/167930901345 [none]
[debug] [2026-05-08T11:21:45.868Z] <<< [apiv2][status] GET https://compute.googleapis.com/compute/v1/projects/167930901345 403
[debug] [2026-05-08T11:21:45.869Z] <<< [apiv2][body] GET https://compute.googleapis.com/compute/v1/projects/167930901345 {"error":{"code":403,"message":"This API method requires billing to be enabled. Please enable billing on project #167930901345 by visiting https://console.developers.google.com/billing/enable?project=167930901345 then retry. If you enabled billing for this project recently, wait a few minutes for the action to propagate to our systems and retry.","errors":[{"message":"This API method requires billing to be enabled. Please enable billing on project #167930901345 by visiting https://console.developers.google.com/billing/enable?project=167930901345 then retry. If you enabled billing for this project recently, wait a few minutes for the action to propagate to our systems and retry.","domain":"global","reason":"forbidden"}],"status":"PERMISSION_DENIED","details":[{"@type":"type.googleapis.com/google.rpc.ErrorInfo","reason":"BILLING_DISABLED","domain":"googleapis.com","metadata":{"consumer":"projects/167930901345","containerInfo":"167930901345","consoleUrl":"https://console.developers.google.com/billing/enable?project=167930901345","service":"compute.googleapis.com"}},{"@type":"type.googleapis.com/google.rpc.LocalizedMessage","locale":"en-US","message":"This API method requires billing to be enabled. Please enable billing on project #167930901345 by visiting https://console.developers.google.com/billing/enable?project=167930901345 then retry. If you enabled billing for this project recently, wait a few minutes for the action to propagate to our systems and retry."},{"@type":"type.googleapis.com/google.rpc.Help","links":[{"description":"Google developers console billing","url":"https://console.developers.google.com/billing/enable?project=167930901345"}]}]}}
[debug] [2026-05-08T11:21:45.870Z] unable to look up default compute service account. Falling back to 167930901345-compute@developer.gserviceaccount.com. Error: {"name":"FirebaseError","children":[],"context":{"body":{"error":{"code":403,"message":"This API method requires billing to be enabled. Please enable billing on project #167930901345 by visiting https://console.developers.google.com/billing/enable?project=167930901345 then retry. If you enabled billing for this project recently, wait a few minutes for the action to propagate to our systems and retry.","errors":[{"message":"This API method requires billing to be enabled. Please enable billing on project #167930901345 by visiting https://console.developers.google.com/billing/enable?project=167930901345 then retry. If you enabled billing for this project recently, wait a few minutes for the action to propagate to our systems and retry.","domain":"global","reason":"forbidden"}],"status":"PERMISSION_DENIED","details":[{"@type":"type.googleapis.com/google.rpc.ErrorInfo","reason":"BILLING_DISABLED","domain":"googleapis.com","metadata":{"consumer":"projects/167930901345","containerInfo":"167930901345","consoleUrl":"https://console.developers.google.com/billing/enable?project=167930901345","service":"compute.googleapis.com"}},{"@type":"type.googleapis.com/google.rpc.LocalizedMessage","locale":"en-US","message":"This API method requires billing to be enabled. Please enable billing on project #167930901345 by visiting https://console.developers.google.com/billing/enable?project=167930901345 then retry. If you enabled billing for this project recently, wait a few minutes for the action to propagate to our systems and retry."},{"@type":"type.googleapis.com/google.rpc.Help","links":[{"description":"Google developers console billing","url":"https://console.developers.google.com/billing/enable?project=167930901345"}]}]}},"response":{"statusCode":403}},"exit":1,"message":"Request to https://compute.googleapis.com/compute/v1/projects/167930901345 had HTTP Error: 403, This API method requires billing to be enabled. Please enable billing on project #167930901345 by visiting https://console.developers.google.com/billing/enable?project=167930901345 then retry. If you enabled billing for this project recently, wait a few minutes for the action to propagate to our systems and retry.","status":403}
[debug] [2026-05-08T11:21:45.870Z] Checked if tokens are valid: true, expires at: 1778242545519
[debug] [2026-05-08T11:21:45.870Z] Checked if tokens are valid: true, expires at: 1778242545519
[debug] [2026-05-08T11:21:45.871Z] >>> [apiv2][query] GET https://compute.googleapis.com/compute/v1/projects/167930901345 [none]
[debug] [2026-05-08T11:21:46.175Z] <<< [apiv2][status] GET https://compute.googleapis.com/compute/v1/projects/167930901345 403
[debug] [2026-05-08T11:21:46.175Z] <<< [apiv2][body] GET https://compute.googleapis.com/compute/v1/projects/167930901345 {"error":{"code":403,"message":"This API method requires billing to be enabled. Please enable billing on project #167930901345 by visiting https://console.developers.google.com/billing/enable?project=167930901345 then retry. If you enabled billing for this project recently, wait a few minutes for the action to propagate to our systems and retry.","errors":[{"message":"This API method requires billing to be enabled. Please enable billing on project #167930901345 by visiting https://console.developers.google.com/billing/enable?project=167930901345 then retry. If you enabled billing for this project recently, wait a few minutes for the action to propagate to our systems and retry.","domain":"global","reason":"forbidden"}],"status":"PERMISSION_DENIED","details":[{"@type":"type.googleapis.com/google.rpc.ErrorInfo","reason":"BILLING_DISABLED","domain":"googleapis.com","metadata":{"service":"compute.googleapis.com","containerInfo":"167930901345","consoleUrl":"https://console.developers.google.com/billing/enable?project=167930901345","consumer":"projects/167930901345"}},{"@type":"type.googleapis.com/google.rpc.LocalizedMessage","locale":"en-US","message":"This API method requires billing to be enabled. Please enable billing on project #167930901345 by visiting https://console.developers.google.com/billing/enable?project=167930901345 then retry. If you enabled billing for this project recently, wait a few minutes for the action to propagate to our systems and retry."},{"@type":"type.googleapis.com/google.rpc.Help","links":[{"description":"Google developers console billing","url":"https://console.developers.google.com/billing/enable?project=167930901345"}]}]}}
[debug] [2026-05-08T11:21:46.176Z] unable to look up default compute service account. Falling back to 167930901345-compute@developer.gserviceaccount.com. Error: {"name":"FirebaseError","children":[],"context":{"body":{"error":{"code":403,"message":"This API method requires billing to be enabled. Please enable billing on project #167930901345 by visiting https://console.developers.google.com/billing/enable?project=167930901345 then retry. If you enabled billing for this project recently, wait a few minutes for the action to propagate to our systems and retry.","errors":[{"message":"This API method requires billing to be enabled. Please enable billing on project #167930901345 by visiting https://console.developers.google.com/billing/enable?project=167930901345 then retry. If you enabled billing for this project recently, wait a few minutes for the action to propagate to our systems and retry.","domain":"global","reason":"forbidden"}],"status":"PERMISSION_DENIED","details":[{"@type":"type.googleapis.com/google.rpc.ErrorInfo","reason":"BILLING_DISABLED","domain":"googleapis.com","metadata":{"service":"compute.googleapis.com","containerInfo":"167930901345","consoleUrl":"https://console.developers.google.com/billing/enable?project=167930901345","consumer":"projects/167930901345"}},{"@type":"type.googleapis.com/google.rpc.LocalizedMessage","locale":"en-US","message":"This API method requires billing to be enabled. Please enable billing on project #167930901345 by visiting https://console.developers.google.com/billing/enable?project=167930901345 then retry. If you enabled billing for this project recently, wait a few minutes for the action to propagate to our systems and retry."},{"@type":"type.googleapis.com/google.rpc.Help","links":[{"description":"Google developers console billing","url":"https://console.developers.google.com/billing/enable?project=167930901345"}]}]}},"response":{"statusCode":403}},"exit":1,"message":"Request to https://compute.googleapis.com/compute/v1/projects/167930901345 had HTTP Error: 403, This API method requires billing to be enabled. Please enable billing on project #167930901345 by visiting https://console.developers.google.com/billing/enable?project=167930901345 then retry. If you enabled billing for this project recently, wait a few minutes for the action to propagate to our systems and retry.","status":403}
[debug] [2026-05-08T11:21:46.177Z] Checked if tokens are valid: true, expires at: 1778242545519
[debug] [2026-05-08T11:21:46.177Z] Checked if tokens are valid: true, expires at: 1778242545519
[debug] [2026-05-08T11:21:46.178Z] >>> [apiv2][query] GET https://compute.googleapis.com/compute/v1/projects/167930901345 [none]
[debug] [2026-05-08T11:21:46.373Z] <<< [apiv2][status] GET https://compute.googleapis.com/compute/v1/projects/167930901345 403
[debug] [2026-05-08T11:21:46.373Z] <<< [apiv2][body] GET https://compute.googleapis.com/compute/v1/projects/167930901345 {"error":{"code":403,"message":"This API method requires billing to be enabled. Please enable billing on project #167930901345 by visiting https://console.developers.google.com/billing/enable?project=167930901345 then retry. If you enabled billing for this project recently, wait a few minutes for the action to propagate to our systems and retry.","errors":[{"message":"This API method requires billing to be enabled. Please enable billing on project #167930901345 by visiting https://console.developers.google.com/billing/enable?project=167930901345 then retry. If you enabled billing for this project recently, wait a few minutes for the action to propagate to our systems and retry.","domain":"global","reason":"forbidden"}],"status":"PERMISSION_DENIED","details":[{"@type":"type.googleapis.com/google.rpc.ErrorInfo","reason":"BILLING_DISABLED","domain":"googleapis.com","metadata":{"consumer":"projects/167930901345","consoleUrl":"https://console.developers.google.com/billing/enable?project=167930901345","containerInfo":"167930901345","service":"compute.googleapis.com"}},{"@type":"type.googleapis.com/google.rpc.LocalizedMessage","locale":"en-US","message":"This API method requires billing to be enabled. Please enable billing on project #167930901345 by visiting https://console.developers.google.com/billing/enable?project=167930901345 then retry. If you enabled billing for this project recently, wait a few minutes for the action to propagate to our systems and retry."},{"@type":"type.googleapis.com/google.rpc.Help","links":[{"description":"Google developers console billing","url":"https://console.developers.google.com/billing/enable?project=167930901345"}]}]}}
[debug] [2026-05-08T11:21:46.374Z] unable to look up default compute service account. Falling back to 167930901345-compute@developer.gserviceaccount.com. Error: {"name":"FirebaseError","children":[],"context":{"body":{"error":{"code":403,"message":"This API method requires billing to be enabled. Please enable billing on project #167930901345 by visiting https://console.developers.google.com/billing/enable?project=167930901345 then retry. If you enabled billing for this project recently, wait a few minutes for the action to propagate to our systems and retry.","errors":[{"message":"This API method requires billing to be enabled. Please enable billing on project #167930901345 by visiting https://console.developers.google.com/billing/enable?project=167930901345 then retry. If you enabled billing for this project recently, wait a few minutes for the action to propagate to our systems and retry.","domain":"global","reason":"forbidden"}],"status":"PERMISSION_DENIED","details":[{"@type":"type.googleapis.com/google.rpc.ErrorInfo","reason":"BILLING_DISABLED","domain":"googleapis.com","metadata":{"consumer":"projects/167930901345","consoleUrl":"https://console.developers.google.com/billing/enable?project=167930901345","containerInfo":"167930901345","service":"compute.googleapis.com"}},{"@type":"type.googleapis.com/google.rpc.LocalizedMessage","locale":"en-US","message":"This API method requires billing to be enabled. Please enable billing on project #167930901345 by visiting https://console.developers.google.com/billing/enable?project=167930901345 then retry. If you enabled billing for this project recently, wait a few minutes for the action to propagate to our systems and retry."},{"@type":"type.googleapis.com/google.rpc.Help","links":[{"description":"Google developers console billing","url":"https://console.developers.google.com/billing/enable?project=167930901345"}]}]}},"response":{"statusCode":403}},"exit":1,"message":"Request to https://compute.googleapis.com/compute/v1/projects/167930901345 had HTTP Error: 403, This API method requires billing to be enabled. Please enable billing on project #167930901345 by visiting https://console.developers.google.com/billing/enable?project=167930901345 then retry. If you enabled billing for this project recently, wait a few minutes for the action to propagate to our systems and retry.","status":403}
[debug] [2026-05-08T11:21:46.377Z] Checked if tokens are valid: true, expires at: 1778242545519
[debug] [2026-05-08T11:21:46.378Z] Checked if tokens are valid: true, expires at: 1778242545519
[debug] [2026-05-08T11:21:46.378Z] >>> [apiv2][query] GET https://cloudbilling.googleapis.com/v1/projects/newmorchat/billingInfo [none]
[debug] [2026-05-08T11:21:46.720Z] <<< [apiv2][status] GET https://cloudbilling.googleapis.com/v1/projects/newmorchat/billingInfo 200
[debug] [2026-05-08T11:21:46.720Z] <<< [apiv2][body] GET https://cloudbilling.googleapis.com/v1/projects/newmorchat/billingInfo {"name":"projects/newmorchat/billingInfo","projectId":"newmorchat","billingAccountName":"billingAccounts/018D46-7CD41A-84113C","billingEnabled":false}
[debug] [2026-05-08T11:21:46.721Z] Checked if tokens are valid: true, expires at: 1778242545519
[debug] [2026-05-08T11:21:46.721Z] Checked if tokens are valid: true, expires at: 1778242545519
[debug] [2026-05-08T11:21:46.721Z] >>> [apiv2][query] GET https://cloudbilling.googleapis.com/v1/billingAccounts [none]
[debug] [2026-05-08T11:21:47.083Z] <<< [apiv2][status] GET https://cloudbilling.googleapis.com/v1/billingAccounts 200
[debug] [2026-05-08T11:21:47.089Z] <<< [apiv2][body] GET https://cloudbilling.googleapis.com/v1/billingAccounts {"billingAccounts":[{"name":"billingAccounts/01D7D8-1F2423-807517","open":false,"displayName":"Faturalandırma Hesabım","masterBillingAccount":"","parent":"","currencyCode":"TRY"}],"nextPageToken":""}
[info] 
[info] Extension require your project to be upgraded to the Blaze plan. Please visit the following link to add a billing account:
[info] 
[info] https://console.cloud.google.com/billing/linkedaccount?project=newmorchat
[info] 
[debug] [2026-05-09T18:44:36.295Z] ----------------------------------------------------------------------
[debug] [2026-05-09T18:44:36.305Z] Command:       /usr/local/Cellar/node/25.8.2/bin/node /usr/local/bin/firebase deploy --only functions
[debug] [2026-05-09T18:44:36.305Z] CLI Version:   15.12.0
[debug] [2026-05-09T18:44:36.305Z] Platform:      darwin
[debug] [2026-05-09T18:44:36.305Z] Node Version:  v25.8.2
[debug] [2026-05-09T18:44:36.307Z] Time:          Sat May 09 2026 21:44:36 GMT+0300 (Türkiye Standart Saati)
[debug] [2026-05-09T18:44:36.308Z] ----------------------------------------------------------------------
[debug] 
[debug] [2026-05-09T18:44:36.311Z] >>> [apiv2][query] GET https://firebase-public.firebaseio.com/cli.json [none]
[debug] [2026-05-09T18:44:37.546Z] > command requires scopes: ["email","openid","https://www.googleapis.com/auth/cloudplatformprojects.readonly","https://www.googleapis.com/auth/firebase","https://www.googleapis.com/auth/cloud-platform"]
[debug] [2026-05-09T18:44:37.547Z] > authorizing via signed-in user (boraatess.1@gmail.com)
[debug] [2026-05-09T18:44:37.547Z] [iam] checking project newmorchat for permissions ["cloudfunctions.functions.create","cloudfunctions.functions.delete","cloudfunctions.functions.get","cloudfunctions.functions.list","cloudfunctions.functions.update","cloudfunctions.operations.get","firebase.projects.get"]
[debug] [2026-05-09T18:44:37.548Z] Checked if tokens are valid: false, expires at: 1778242545519
[debug] [2026-05-09T18:44:37.549Z] Checked if tokens are valid: false, expires at: 1778242545519
[debug] [2026-05-09T18:44:37.549Z] > refreshing access token with scopes: []
[debug] [2026-05-09T18:44:37.550Z] >>> [apiv2][query] POST https://www.googleapis.com/oauth2/v3/token [none]
[debug] [2026-05-09T18:44:37.550Z] >>> [apiv2][body] POST https://www.googleapis.com/oauth2/v3/token [omitted]
[debug] [2026-05-09T18:44:37.910Z] <<< [apiv2][status] POST https://www.googleapis.com/oauth2/v3/token 200
[debug] [2026-05-09T18:44:37.910Z] <<< [apiv2][body] POST https://www.googleapis.com/oauth2/v3/token [omitted]
[debug] [2026-05-09T18:44:37.922Z] >>> [apiv2][query] POST https://cloudresourcemanager.googleapis.com/v1/projects/newmorchat:testIamPermissions [none]
[debug] [2026-05-09T18:44:37.923Z] >>> [apiv2][(partial)header] POST https://cloudresourcemanager.googleapis.com/v1/projects/newmorchat:testIamPermissions  x-goog-user-project=newmorchat
[debug] [2026-05-09T18:44:37.923Z] >>> [apiv2][body] POST https://cloudresourcemanager.googleapis.com/v1/projects/newmorchat:testIamPermissions {"permissions":["cloudfunctions.functions.create","cloudfunctions.functions.delete","cloudfunctions.functions.get","cloudfunctions.functions.list","cloudfunctions.functions.update","cloudfunctions.operations.get","firebase.projects.get"]}
[debug] [2026-05-09T18:44:37.977Z] <<< [apiv2][status] GET https://firebase-public.firebaseio.com/cli.json 200
[debug] [2026-05-09T18:44:37.977Z] <<< [apiv2][body] GET https://firebase-public.firebaseio.com/cli.json {"cloudBuildErrorAfter":1594252800000,"cloudBuildWarnAfter":1590019200000,"defaultNode10After":1594252800000,"minVersion":"3.0.5","node8DeploysDisabledAfter":1613390400000,"node8RuntimeDisabledAfter":1615809600000,"node8WarnAfter":1600128000000}
[debug] [2026-05-09T18:44:38.900Z] <<< [apiv2][status] POST https://cloudresourcemanager.googleapis.com/v1/projects/newmorchat:testIamPermissions 200
[debug] [2026-05-09T18:44:38.901Z] <<< [apiv2][body] POST https://cloudresourcemanager.googleapis.com/v1/projects/newmorchat:testIamPermissions {"permissions":["cloudfunctions.functions.create","cloudfunctions.functions.delete","cloudfunctions.functions.get","cloudfunctions.functions.list","cloudfunctions.functions.update","cloudfunctions.operations.get","firebase.projects.get"]}
[debug] [2026-05-09T18:44:38.902Z] Checked if tokens are valid: true, expires at: 1778355876910
[debug] [2026-05-09T18:44:38.903Z] Checked if tokens are valid: true, expires at: 1778355876910
[debug] [2026-05-09T18:44:38.903Z] >>> [apiv2][query] POST https://iam.googleapis.com/v1/projects/newmorchat/serviceAccounts/newmorchat@appspot.gserviceaccount.com:testIamPermissions [none]
[debug] [2026-05-09T18:44:38.903Z] >>> [apiv2][body] POST https://iam.googleapis.com/v1/projects/newmorchat/serviceAccounts/newmorchat@appspot.gserviceaccount.com:testIamPermissions {"permissions":["iam.serviceAccounts.actAs"]}
[debug] [2026-05-09T18:44:39.922Z] <<< [apiv2][status] POST https://iam.googleapis.com/v1/projects/newmorchat/serviceAccounts/newmorchat@appspot.gserviceaccount.com:testIamPermissions 200
[debug] [2026-05-09T18:44:39.923Z] <<< [apiv2][body] POST https://iam.googleapis.com/v1/projects/newmorchat/serviceAccounts/newmorchat@appspot.gserviceaccount.com:testIamPermissions {"permissions":["iam.serviceAccounts.actAs"]}
[info] 
[info] === Deploying to 'newmorchat'...
[info] 
[info] i  deploying functions 
[debug] [2026-05-09T18:44:39.934Z] Checked if tokens are valid: true, expires at: 1778355876910
[debug] [2026-05-09T18:44:39.935Z] Checked if tokens are valid: true, expires at: 1778355876910
[debug] [2026-05-09T18:44:39.935Z] >>> [apiv2][query] GET https://cloudresourcemanager.googleapis.com/v1/projects/newmorchat [none]
[debug] [2026-05-09T18:44:40.202Z] <<< [apiv2][status] GET https://cloudresourcemanager.googleapis.com/v1/projects/newmorchat 200
[debug] [2026-05-09T18:44:40.202Z] <<< [apiv2][body] GET https://cloudresourcemanager.googleapis.com/v1/projects/newmorchat {"projectNumber":"167930901345","projectId":"newmorchat","lifecycleState":"ACTIVE","name":"newMorchat","labels":{"firebase":"enabled"},"createTime":"2024-11-01T23:21:31.450151Z"}
[info] i  functions: preparing codebase default for deployment 
[info] i  functions: ensuring required API cloudfunctions.googleapis.com is enabled... 
[info] i  functions: ensuring required API cloudbuild.googleapis.com is enabled... 
[info] i  artifactregistry: ensuring required API artifactregistry.googleapis.com is enabled... 
[debug] [2026-05-09T18:44:40.207Z] Checked if tokens are valid: true, expires at: 1778355876910
[debug] [2026-05-09T18:44:40.208Z] Checked if tokens are valid: true, expires at: 1778355876910
[debug] [2026-05-09T18:44:40.208Z] >>> [apiv2][query] GET https://firebase.googleapis.com/v1beta1/projects/newmorchat/adminSdkConfig [none]
[debug] [2026-05-09T18:44:40.959Z] <<< [apiv2][status] GET https://firebase.googleapis.com/v1beta1/projects/newmorchat/adminSdkConfig 200
[debug] [2026-05-09T18:44:40.960Z] <<< [apiv2][body] GET https://firebase.googleapis.com/v1beta1/projects/newmorchat/adminSdkConfig {"projectId":"newmorchat","databaseURL":"https://newmorchat-default-rtdb.europe-west1.firebasedatabase.app","storageBucket":"newmorchat.firebasestorage.app"}
[debug] [2026-05-09T18:44:40.970Z] Validating nodejs source
[warn] ⚠  functions: package.json indicates an outdated version of firebase-functions. Please upgrade using npm install --save firebase-functions@latest in your functions directory. 
[debug] [2026-05-09T18:44:42.051Z] > [functions] package.json contents: {
  "name": "functions",
  "description": "Cloud Functions for Firebase",
  "scripts": {
    "serve": "firebase emulators:start --only functions",
    "shell": "firebase functions:shell",
    "start": "npm run shell",
    "deploy": "firebase deploy --only functions",
    "logs": "firebase functions:log"
  },
  "engines": {
    "node": "22"
  },
  "main": "index.js",
  "dependencies": {
    "@parse/node-apn": "^7.1.0",
    "firebase-admin": "^13.6.0",
    "firebase-functions": "^7.0.0"
  },
  "devDependencies": {
    "firebase-functions-test": "^3.4.1"
  },
  "private": true
}
[debug] [2026-05-09T18:44:42.051Z] Building nodejs source
[info] i  functions: Loading and analyzing source code for codebase default to determine what to deploy 
[debug] [2026-05-09T18:44:42.053Z] Could not find functions.yaml. Must use http discovery
[debug] [2026-05-09T18:44:42.065Z] Found firebase-functions binary at '/Users/boraates/Desktop/MorChatAppiOS/functions/node_modules/.bin/firebase-functions'
[info] Serving at port 8649

[debug] [2026-05-09T18:44:42.847Z] Got response from /__/functions.yaml {"endpoints":{"oncallcreated":{"availableMemoryMb":null,"timeoutSeconds":null,"minInstances":null,"maxInstances":10,"ingressSettings":null,"concurrency":null,"serviceAccountEmail":null,"vpc":null,"platform":"gcfv2","labels":{},"eventTrigger":{"eventType":"google.cloud.firestore.document.v1.created","eventFilters":{"database":"(default)","namespace":"(default)"},"eventFilterPathPatterns":{"document":"Calls/{callId}"},"retry":false},"entryPoint":"oncallcreated"}},"specVersion":"v1alpha1","requiredAPIs":[],"extensions":{}}
[info] i  extensions: ensuring required API firebaseextensions.googleapis.com is enabled... 
[debug] [2026-05-09T18:44:46.905Z] > command requires scopes: ["email","openid","https://www.googleapis.com/auth/cloudplatformprojects.readonly","https://www.googleapis.com/auth/firebase","https://www.googleapis.com/auth/cloud-platform"]
[debug] [2026-05-09T18:44:46.905Z] > authorizing via signed-in user (boraatess.1@gmail.com)
[debug] [2026-05-09T18:44:46.905Z] [iam] checking project newmorchat for permissions ["firebase.projects.get","firebaseextensions.instances.list"]
[debug] [2026-05-09T18:44:46.906Z] Checked if tokens are valid: true, expires at: 1778355876910
[debug] [2026-05-09T18:44:46.906Z] Checked if tokens are valid: true, expires at: 1778355876910
[debug] [2026-05-09T18:44:46.906Z] >>> [apiv2][query] POST https://cloudresourcemanager.googleapis.com/v1/projects/newmorchat:testIamPermissions [none]
[debug] [2026-05-09T18:44:46.906Z] >>> [apiv2][(partial)header] POST https://cloudresourcemanager.googleapis.com/v1/projects/newmorchat:testIamPermissions  x-goog-user-project=newmorchat
[debug] [2026-05-09T18:44:46.907Z] >>> [apiv2][body] POST https://cloudresourcemanager.googleapis.com/v1/projects/newmorchat:testIamPermissions {"permissions":["firebase.projects.get","firebaseextensions.instances.list"]}
[debug] [2026-05-09T18:44:47.844Z] <<< [apiv2][status] POST https://cloudresourcemanager.googleapis.com/v1/projects/newmorchat:testIamPermissions 200
[debug] [2026-05-09T18:44:47.845Z] <<< [apiv2][body] POST https://cloudresourcemanager.googleapis.com/v1/projects/newmorchat:testIamPermissions {"permissions":["firebase.projects.get","firebaseextensions.instances.list"]}
[debug] [2026-05-09T18:44:47.846Z] Checked if tokens are valid: true, expires at: 1778355876910
[debug] [2026-05-09T18:44:47.847Z] Checked if tokens are valid: true, expires at: 1778355876910
[debug] [2026-05-09T18:44:47.848Z] >>> [apiv2][query] GET https://firebaseextensions.googleapis.com/v1beta/projects/newmorchat/instances pageSize=100&pageToken=
[debug] [2026-05-09T18:44:48.975Z] <<< [apiv2][status] GET https://firebaseextensions.googleapis.com/v1beta/projects/newmorchat/instances 200
[debug] [2026-05-09T18:44:48.975Z] <<< [apiv2][body] GET https://firebaseextensions.googleapis.com/v1beta/projects/newmorchat/instances {}
[info] i  functions: preparing functions directory for uploading... 
[info] i  functions: packaged /Users/boraates/Desktop/MorChatAppiOS/functions (74.6 KB) for uploading 
[debug] [2026-05-09T18:44:49.046Z] Checked if tokens are valid: true, expires at: 1778355876910
[debug] [2026-05-09T18:44:49.046Z] Checked if tokens are valid: true, expires at: 1778355876910
[debug] [2026-05-09T18:44:49.046Z] >>> [apiv2][query] GET https://cloudfunctions.googleapis.com/v1/projects/newmorchat/locations/-/functions [none]
[debug] [2026-05-09T18:44:50.019Z] <<< [apiv2][status] GET https://cloudfunctions.googleapis.com/v1/projects/newmorchat/locations/-/functions 200
[debug] [2026-05-09T18:44:50.019Z] <<< [apiv2][body] GET https://cloudfunctions.googleapis.com/v1/projects/newmorchat/locations/-/functions {}
[debug] [2026-05-09T18:44:50.020Z] Checked if tokens are valid: true, expires at: 1778355876910
[debug] [2026-05-09T18:44:50.021Z] Checked if tokens are valid: true, expires at: 1778355876910
[debug] [2026-05-09T18:44:50.023Z] >>> [apiv2][query] GET https://cloudfunctions.googleapis.com/v2/projects/newmorchat/locations/-/functions filter=environment%3D%22GEN_2%22
[debug] [2026-05-09T18:44:51.096Z] <<< [apiv2][status] GET https://cloudfunctions.googleapis.com/v2/projects/newmorchat/locations/-/functions 200
[debug] [2026-05-09T18:44:51.100Z] <<< [apiv2][body] GET https://cloudfunctions.googleapis.com/v2/projects/newmorchat/locations/-/functions {"functions":[{"name":"projects/newmorchat/locations/us-central1/functions/modifyuser","buildConfig":{"build":"projects/167930901345/locations/us-central1/builds/e8670813-fb40-444b-af26-1714e6a5cd9d","runtime":"nodejs18","entryPoint":"modifyuser","source":{"storageSource":{"bucket":"gcf-v2-sources-167930901345-us-central1","object":"modifyuser/function-source.zip","generation":"1731206540127931"}},"environmentVariables":{"GOOGLE_NODE_RUN_SCRIPTS":""},"dockerRepository":"projects/newmorchat/locations/us-central1/repositories/gcf-artifacts","sourceProvenance":{"resolvedStorageSource":{"bucket":"gcf-v2-sources-167930901345-us-central1","object":"modifyuser/function-source.zip","generation":"1731206540127931"}},"dockerRegistry":"ARTIFACT_REGISTRY","serviceAccount":"projects/newmorchat/serviceAccounts/167930901345-compute@developer.gserviceaccount.com","automaticUpdatePolicy":{}},"state":"FAILED","updateTime":"2026-05-07T18:52:21.558408331Z","labels":{"deployment-tool":"cli-firebase","firebase-functions-hash":"00d08fa5142f6965f99dfecdf76eb8622683987b"},"stateMessages":[{"severity":"ERROR","type":"CloudRunServiceNotFound","message":"Cloud Run service projects/newmorchat/locations/us-central1/services/modifyuser for the function was not found. The function will not work correctly. Please redeploy."},{"severity":"ERROR","type":"EventarcTriggerNotFound","message":"Eventarc trigger projects/newmorchat/locations/eur3/triggers/modifyuser-923468 for the function was not found. The function may not work correctly. Please redeploy."}],"environment":"GEN_2","url":"https://us-central1-newmorchat.cloudfunctions.net/modifyuser","createTime":"2024-11-10T02:42:21.536300697Z"},{"name":"projects/newmorchat/locations/us-central1/functions/notificationNewXstory","buildConfig":{"build":"projects/167930901345/locations/us-central1/builds/178a226b-c3a1-43a8-ac2c-ee63308e9c16","runtime":"nodejs18","entryPoint":"notificationNewXstory","source":{"storageSource":{"bucket":"gcf-v2-sources-167930901345-us-central1","object":"notificationNewXstory/function-source.zip","generation":"1731200663084901"}},"environmentVariables":{"GOOGLE_NODE_RUN_SCRIPTS":""},"dockerRepository":"projects/newmorchat/locations/us-central1/repositories/gcf-artifacts","sourceProvenance":{"resolvedStorageSource":{"bucket":"gcf-v2-sources-167930901345-us-central1","object":"notificationNewXstory/function-source.zip","generation":"1731200663084901"}},"dockerRegistry":"ARTIFACT_REGISTRY","serviceAccount":"projects/newmorchat/serviceAccounts/167930901345-compute@developer.gserviceaccount.com","automaticUpdatePolicy":{}},"state":"FAILED","updateTime":"2026-05-07T18:52:21.406275449Z","labels":{"deployment-tool":"cli-firebase","firebase-functions-hash":"ae16135523c704c12865a1ce8c21c71b2aa1cf81"},"stateMessages":[{"severity":"ERROR","type":"CloudRunServiceNotFound","message":"Cloud Run service projects/newmorchat/locations/us-central1/services/notificationnewxstory for the function was not found. The function will not work correctly. Please redeploy."}],"environment":"GEN_2","url":"https://us-central1-newmorchat.cloudfunctions.net/notificationNewXstory","createTime":"2024-11-10T01:04:23.341729569Z"},{"name":"projects/newmorchat/locations/us-central1/functions/sendPush","buildConfig":{"build":"projects/167930901345/locations/us-central1/builds/da0ce690-15fd-40a7-a944-af68da96f51e","runtime":"nodejs18","entryPoint":"sendPush","source":{"storageSource":{"bucket":"gcf-v2-sources-167930901345-us-central1","object":"sendPush/function-source.zip","generation":"1731207133323061"}},"environmentVariables":{"GOOGLE_NODE_RUN_SCRIPTS":""},"dockerRepository":"projects/newmorchat/locations/us-central1/repositories/gcf-artifacts","sourceProvenance":{"resolvedStorageSource":{"bucket":"gcf-v2-sources-167930901345-us-central1","object":"sendPush/function-source.zip","generation":"1731207133323061"}},"dockerRegistry":"ARTIFACT_REGISTRY","serviceAccount":"projects/newmorchat/serviceAccounts/167930901345-compute@developer.gserviceaccount.com","automaticUpdatePolicy":{}},"state":"FAILED","updateTime":"2026-05-07T18:52:21.610064381Z","labels":{"deployment-tool":"cli-firebase","firebase-functions-hash":"d5b7c8017d184f8b26ced824e96c0829f7287196"},"stateMessages":[{"severity":"ERROR","type":"CloudRunServiceNotFound","message":"Cloud Run service projects/newmorchat/locations/us-central1/services/sendpush for the function was not found. The function will not work correctly. Please redeploy."},{"severity":"ERROR","type":"EventarcTriggerNotFound","message":"Eventarc trigger projects/newmorchat/locations/eur3/triggers/sendpush-022505 for the function was not found. The function may not work correctly. Please redeploy."}],"environment":"GEN_2","url":"https://us-central1-newmorchat.cloudfunctions.net/sendPush","createTime":"2024-11-10T02:52:14.939017010Z"},{"name":"projects/newmorchat/locations/us-central1/functions/oncallcreated","buildConfig":{"build":"projects/167930901345/locations/us-central1/builds/1603b5ba-7a0b-4af9-82e8-0bd12b29a142","runtime":"nodejs22","entryPoint":"oncallcreated","source":{"storageSource":{"bucket":"gcf-v2-sources-167930901345-us-central1","object":"oncallcreated/function-source.zip","generation":"1777225786711736"}},"environmentVariables":{"GOOGLE_NODE_RUN_SCRIPTS":""},"dockerRepository":"projects/newmorchat/locations/us-central1/repositories/gcf-artifacts","sourceProvenance":{"resolvedStorageSource":{"bucket":"gcf-v2-sources-167930901345-us-central1","object":"oncallcreated/function-source.zip","generation":"1777225786711736"}},"dockerRegistry":"ARTIFACT_REGISTRY","serviceAccount":"projects/newmorchat/serviceAccounts/167930901345-compute@developer.gserviceaccount.com","automaticUpdatePolicy":{}},"serviceConfig":{"service":"projects/newmorchat/locations/us-central1/services/oncallcreated","timeoutSeconds":60,"environmentVariables":{"FIREBASE_CONFIG":"{\"projectId\":\"newmorchat\",\"databaseURL\":\"https://newmorchat-default-rtdb.europe-west1.firebasedatabase.app\",\"storageBucket\":\"newmorchat.firebasestorage.app\"}","GCLOUD_PROJECT":"newmorchat","EVENTARC_CLOUD_EVENT_SOURCE":"projects/newmorchat/locations/us-central1/services/oncallcreated","FUNCTION_SIGNATURE_TYPE":"cloudevent","FUNCTION_TARGET":"oncallcreated","LOG_EXECUTION_ID":"true"},"maxInstanceCount":10,"ingressSettings":"ALLOW_ALL","uri":"https://oncallcreated-ov3gwwaa7q-uc.a.run.app","serviceAccountEmail":"167930901345-compute@developer.gserviceaccount.com","availableMemory":"256Mi","allTrafficOnLatestRevision":true,"revision":"oncallcreated-00004-nem","maxInstanceRequestConcurrency":80,"availableCpu":"1"},"state":"UNKNOWN","updateTime":"2026-05-07T18:52:21.577985991Z","labels":{"deployment-tool":"cli-firebase","firebase-functions-hash":"16a5e3575f5c8e6be0532ece2914924fb88043ef"},"stateMessages":[{"severity":"ERROR","type":"EventarcTriggerNotFound","message":"Eventarc trigger projects/newmorchat/locations/eur3/triggers/oncallcreated-929173 for the function was not found. The function may not work correctly. Please redeploy."}],"environment":"GEN_2","url":"https://us-central1-newmorchat.cloudfunctions.net/oncallcreated","createTime":"2026-03-28T16:52:13.055102885Z"}]}
[debug] [2026-05-09T18:44:51.104Z] Checked if tokens are valid: true, expires at: 1778355876910
[debug] [2026-05-09T18:44:51.104Z] Checked if tokens are valid: true, expires at: 1778355876910
[debug] [2026-05-09T18:44:51.105Z] >>> [apiv2][query] GET https://firestore.googleapis.com/v1/projects/newmorchat/databases/(default) [none]
[debug] [2026-05-09T18:44:51.551Z] <<< [apiv2][status] GET https://firestore.googleapis.com/v1/projects/newmorchat/databases/(default) 200
[debug] [2026-05-09T18:44:51.551Z] <<< [apiv2][body] GET https://firestore.googleapis.com/v1/projects/newmorchat/databases/(default) {"name":"projects/newmorchat/databases/(default)","uid":"58054e6b-0b47-4340-a003-ea77e9ef794f","createTime":"2024-11-01T23:39:28.696910Z","updateTime":"2024-11-01T23:39:28.696910Z","locationId":"eur3","type":"FIRESTORE_NATIVE","concurrencyMode":"PESSIMISTIC","versionRetentionPeriod":"3600s","earliestVersionTime":"2026-05-09T17:44:51.840499Z","appEngineIntegrationMode":"DISABLED","keyPrefix":"e","pointInTimeRecoveryEnablement":"POINT_IN_TIME_RECOVERY_DISABLED","deleteProtectionState":"DELETE_PROTECTION_DISABLED","backupConfig":{"backupSchedulesEnabled":true},"databaseEdition":"STANDARD","freeTier":true,"realtimeUpdatesMode":"REALTIME_UPDATES_MODE_ENABLED","etag":"IOb9j8XurJQDMJe0zNCI5JID"}
[info] i  functions: ensuring required API run.googleapis.com is enabled... 
[info] i  functions: ensuring required API eventarc.googleapis.com is enabled... 
[info] i  functions: ensuring required API pubsub.googleapis.com is enabled... 
[info] i  functions: ensuring required API storage.googleapis.com is enabled... 
[info] i  functions: generating the service identity for pubsub.googleapis.com... 
[debug] [2026-05-09T18:44:51.557Z] Checked if tokens are valid: true, expires at: 1778355876910
[debug] [2026-05-09T18:44:51.557Z] Checked if tokens are valid: true, expires at: 1778355876910
[info] i  functions: generating the service identity for eventarc.googleapis.com... 
[debug] [2026-05-09T18:44:51.557Z] Checked if tokens are valid: true, expires at: 1778355876910
[debug] [2026-05-09T18:44:51.557Z] Checked if tokens are valid: true, expires at: 1778355876910
[debug] [2026-05-09T18:44:51.557Z] >>> [apiv2][query] POST https://serviceusage.googleapis.com/v1beta1/projects/167930901345/services/pubsub.googleapis.com:generateServiceIdentity [none]
[debug] [2026-05-09T18:44:51.557Z] >>> [apiv2][(partial)header] POST https://serviceusage.googleapis.com/v1beta1/projects/167930901345/services/pubsub.googleapis.com:generateServiceIdentity  x-goog-user-project=167930901345
[debug] [2026-05-09T18:44:51.558Z] >>> [apiv2][body] POST https://serviceusage.googleapis.com/v1beta1/projects/167930901345/services/pubsub.googleapis.com:generateServiceIdentity {}
[debug] [2026-05-09T18:44:51.562Z] >>> [apiv2][query] POST https://serviceusage.googleapis.com/v1beta1/projects/167930901345/services/eventarc.googleapis.com:generateServiceIdentity [none]
[debug] [2026-05-09T18:44:51.562Z] >>> [apiv2][(partial)header] POST https://serviceusage.googleapis.com/v1beta1/projects/167930901345/services/eventarc.googleapis.com:generateServiceIdentity  x-goog-user-project=167930901345
[debug] [2026-05-09T18:44:51.562Z] >>> [apiv2][body] POST https://serviceusage.googleapis.com/v1beta1/projects/167930901345/services/eventarc.googleapis.com:generateServiceIdentity {}
[debug] [2026-05-09T18:44:52.783Z] <<< [apiv2][status] POST https://serviceusage.googleapis.com/v1beta1/projects/167930901345/services/eventarc.googleapis.com:generateServiceIdentity 200
[debug] [2026-05-09T18:44:52.783Z] <<< [apiv2][body] POST https://serviceusage.googleapis.com/v1beta1/projects/167930901345/services/eventarc.googleapis.com:generateServiceIdentity {"name":"operations/finished.DONE_OPERATION","done":true,"response":{"@type":"type.googleapis.com/google.api.serviceusage.v1beta1.ServiceIdentity","email":"service-167930901345@gcp-sa-eventarc.iam.gserviceaccount.com","uniqueId":"113239666760119784149"}}
[debug] [2026-05-09T18:44:52.806Z] <<< [apiv2][status] POST https://serviceusage.googleapis.com/v1beta1/projects/167930901345/services/pubsub.googleapis.com:generateServiceIdentity 200
[debug] [2026-05-09T18:44:52.807Z] <<< [apiv2][body] POST https://serviceusage.googleapis.com/v1beta1/projects/167930901345/services/pubsub.googleapis.com:generateServiceIdentity {"name":"operations/finished.DONE_OPERATION","done":true,"response":{"@type":"type.googleapis.com/google.api.serviceusage.v1beta1.ServiceIdentity","email":"service-167930901345@gcp-sa-pubsub.iam.gserviceaccount.com","uniqueId":"112958319929547535454"}}
[debug] [2026-05-09T18:44:52.812Z] Checked if tokens are valid: true, expires at: 1778355876910
[debug] [2026-05-09T18:44:52.812Z] Checked if tokens are valid: true, expires at: 1778355876910
[debug] [2026-05-09T18:44:52.812Z] >>> [apiv2][query] GET https://compute.googleapis.com/compute/v1/projects/167930901345 [none]
[debug] [2026-05-09T18:44:53.242Z] <<< [apiv2][status] GET https://compute.googleapis.com/compute/v1/projects/167930901345 403
[debug] [2026-05-09T18:44:53.242Z] <<< [apiv2][body] GET https://compute.googleapis.com/compute/v1/projects/167930901345 {"error":{"code":403,"message":"This API method requires billing to be enabled. Please enable billing on project #167930901345 by visiting https://console.developers.google.com/billing/enable?project=167930901345 then retry. If you enabled billing for this project recently, wait a few minutes for the action to propagate to our systems and retry.","errors":[{"message":"This API method requires billing to be enabled. Please enable billing on project #167930901345 by visiting https://console.developers.google.com/billing/enable?project=167930901345 then retry. If you enabled billing for this project recently, wait a few minutes for the action to propagate to our systems and retry.","domain":"global","reason":"forbidden"}],"status":"PERMISSION_DENIED","details":[{"@type":"type.googleapis.com/google.rpc.ErrorInfo","reason":"BILLING_DISABLED","domain":"googleapis.com","metadata":{"service":"compute.googleapis.com","consumer":"projects/167930901345","consoleUrl":"https://console.developers.google.com/billing/enable?project=167930901345","containerInfo":"167930901345"}},{"@type":"type.googleapis.com/google.rpc.LocalizedMessage","locale":"en-US","message":"This API method requires billing to be enabled. Please enable billing on project #167930901345 by visiting https://console.developers.google.com/billing/enable?project=167930901345 then retry. If you enabled billing for this project recently, wait a few minutes for the action to propagate to our systems and retry."},{"@type":"type.googleapis.com/google.rpc.Help","links":[{"description":"Google developers console billing","url":"https://console.developers.google.com/billing/enable?project=167930901345"}]}]}}
[debug] [2026-05-09T18:44:53.244Z] unable to look up default compute service account. Falling back to 167930901345-compute@developer.gserviceaccount.com. Error: {"name":"FirebaseError","children":[],"context":{"body":{"error":{"code":403,"message":"This API method requires billing to be enabled. Please enable billing on project #167930901345 by visiting https://console.developers.google.com/billing/enable?project=167930901345 then retry. If you enabled billing for this project recently, wait a few minutes for the action to propagate to our systems and retry.","errors":[{"message":"This API method requires billing to be enabled. Please enable billing on project #167930901345 by visiting https://console.developers.google.com/billing/enable?project=167930901345 then retry. If you enabled billing for this project recently, wait a few minutes for the action to propagate to our systems and retry.","domain":"global","reason":"forbidden"}],"status":"PERMISSION_DENIED","details":[{"@type":"type.googleapis.com/google.rpc.ErrorInfo","reason":"BILLING_DISABLED","domain":"googleapis.com","metadata":{"service":"compute.googleapis.com","consumer":"projects/167930901345","consoleUrl":"https://console.developers.google.com/billing/enable?project=167930901345","containerInfo":"167930901345"}},{"@type":"type.googleapis.com/google.rpc.LocalizedMessage","locale":"en-US","message":"This API method requires billing to be enabled. Please enable billing on project #167930901345 by visiting https://console.developers.google.com/billing/enable?project=167930901345 then retry. If you enabled billing for this project recently, wait a few minutes for the action to propagate to our systems and retry."},{"@type":"type.googleapis.com/google.rpc.Help","links":[{"description":"Google developers console billing","url":"https://console.developers.google.com/billing/enable?project=167930901345"}]}]}},"response":{"statusCode":403}},"exit":1,"message":"Request to https://compute.googleapis.com/compute/v1/projects/167930901345 had HTTP Error: 403, This API method requires billing to be enabled. Please enable billing on project #167930901345 by visiting https://console.developers.google.com/billing/enable?project=167930901345 then retry. If you enabled billing for this project recently, wait a few minutes for the action to propagate to our systems and retry.","status":403}
[debug] [2026-05-09T18:44:53.245Z] Checked if tokens are valid: true, expires at: 1778355876910
[debug] [2026-05-09T18:44:53.245Z] Checked if tokens are valid: true, expires at: 1778355876910
[debug] [2026-05-09T18:44:53.246Z] >>> [apiv2][query] POST https://cloudresourcemanager.googleapis.com/v1/projects/167930901345:getIamPolicy [none]
[debug] [2026-05-09T18:44:54.354Z] <<< [apiv2][status] POST https://cloudresourcemanager.googleapis.com/v1/projects/167930901345:getIamPolicy 200
[debug] [2026-05-09T18:44:54.355Z] <<< [apiv2][body] POST https://cloudresourcemanager.googleapis.com/v1/projects/167930901345:getIamPolicy {"version":1,"etag":"BwZOGHT9MFM=","bindings":[{"role":"roles/artifactregistry.serviceAgent","members":["serviceAccount:service-167930901345@gcp-sa-artifactregistry.iam.gserviceaccount.com"]},{"role":"roles/cloudaicompanion.serviceAgent","members":["serviceAccount:service-167930901345@gcp-sa-cloudaicompanion.iam.gserviceaccount.com"]},{"role":"roles/cloudbuild.builds.builder","members":["serviceAccount:167930901345@cloudbuild.gserviceaccount.com"]},{"role":"roles/cloudbuild.serviceAgent","members":["serviceAccount:service-167930901345@gcp-sa-cloudbuild.iam.gserviceaccount.com"]},{"role":"roles/cloudfunctions.admin","members":["serviceAccount:firebase-adminsdk-renqx@newmorchat.iam.gserviceaccount.com"]},{"role":"roles/cloudfunctions.serviceAgent","members":["serviceAccount:service-167930901345@gcf-admin-robot.iam.gserviceaccount.com"]},{"role":"roles/cloudscheduler.serviceAgent","members":["serviceAccount:service-167930901345@gcp-sa-cloudscheduler.iam.gserviceaccount.com"]},{"role":"roles/compute.serviceAgent","members":["serviceAccount:service-167930901345@compute-system.iam.gserviceaccount.com"]},{"role":"roles/containeranalysis.ServiceAgent","members":["serviceAccount:service-167930901345@container-analysis.iam.gserviceaccount.com"]},{"role":"roles/containerregistry.ServiceAgent","members":["serviceAccount:service-167930901345@containerregistry.iam.gserviceaccount.com"]},{"role":"roles/containerscanning.ServiceAgent","members":["serviceAccount:service-167930901345@gcp-sa-containerscanning.iam.gserviceaccount.com"]},{"role":"roles/editor","members":["serviceAccount:167930901345-compute@developer.gserviceaccount.com","serviceAccount:167930901345@cloudservices.gserviceaccount.com","serviceAccount:newmorchat@appspot.gserviceaccount.com","user:boraatess.1@gmail.com"]},{"role":"roles/eventarc.eventReceiver","members":["serviceAccount:167930901345-compute@developer.gserviceaccount.com"]},{"role":"roles/eventarc.serviceAgent","members":["serviceAccount:service-167930901345@gcp-sa-eventarc.iam.gserviceaccount.com"]},{"role":"roles/firebase.admin_withcond_846724b42f9030e9bd24","members":["user:boraatess.1@gmail.com"]},{"role":"roles/firebase.appDistributionSdkServiceAgent","members":["serviceAccount:firebase-adminsdk-renqx@newmorchat.iam.gserviceaccount.com"]},{"role":"roles/firebase.managementServiceAgent","members":["serviceAccount:firebase-service-account@firebase-sa-management.iam.gserviceaccount.com","serviceAccount:service-167930901345@gcp-sa-firebase.iam.gserviceaccount.com"]},{"role":"roles/firebase.sdkAdminServiceAgent","members":["serviceAccount:firebase-adminsdk-renqx@newmorchat.iam.gserviceaccount.com"]},{"role":"roles/firebaseappcheck.admin","members":["serviceAccount:firebase-adminsdk-renqx@newmorchat.iam.gserviceaccount.com"]},{"role":"roles/firebaseappcheck.serviceAgent","members":["serviceAccount:service-167930901345@gcp-sa-firebaseappcheck.iam.gserviceaccount.com"]},{"role":"roles/firebaseauth.admin","members":["serviceAccount:firebase-adminsdk-renqx@newmorchat.iam.gserviceaccount.com"]},{"role":"roles/firebasedatabase.admin","members":["serviceAccount:firebase-adminsdk-renqx@newmorchat.iam.gserviceaccount.com"]},{"role":"roles/firebasemods.serviceAgent","members":["serviceAccount:service-167930901345@gcp-sa-firebasemods.iam.gserviceaccount.com"]},{"role":"roles/firebaserules.system","members":["serviceAccount:service-167930901345@firebase-rules.iam.gserviceaccount.com"]},{"role":"roles/firebasestorage.serviceAgent","members":["serviceAccount:service-167930901345@gcp-sa-firebasestorage.iam.gserviceaccount.com"]},{"role":"roles/firestore.serviceAgent","members":["serviceAccount:service-167930901345@gcp-sa-firestore.iam.gserviceaccount.com"]},{"role":"roles/iam.serviceAccountTokenCreator","members":["serviceAccount:firebase-adminsdk-renqx@newmorchat.iam.gserviceaccount.com","serviceAccount:service-167930901345@gcp-sa-pubsub.iam.gserviceaccount.com"]},{"role":"roles/identitytoolkit.serviceAgent","members":["serviceAccount:service-167930901345@gcp-sa-identitytoolkit.iam.gserviceaccount.com"]},{"role":"roles/owner","members":["user:zionfrw@gmail.com"]},{"role":"roles/pubsub.serviceAgent","members":["serviceAccount:service-167930901345@gcp-sa-pubsub.iam.gserviceaccount.com"]},{"role":"roles/run.invoker","members":["serviceAccount:167930901345-compute@developer.gserviceaccount.com"]},{"role":"roles/run.serviceAgent","members":["serviceAccount:service-167930901345@serverless-robot-prod.iam.gserviceaccount.com"]},{"role":"roles/storage.admin","members":["serviceAccount:firebase-adminsdk-renqx@newmorchat.iam.gserviceaccount.com"]}]}
[debug] [2026-05-09T18:44:54.358Z] Checked if tokens are valid: true, expires at: 1778355876910
[debug] [2026-05-09T18:44:54.359Z] Checked if tokens are valid: true, expires at: 1778355876910
[debug] [2026-05-09T18:44:54.360Z] >>> [apiv2][query] GET https://cloudresourcemanager.googleapis.com/v1/projects/newmorchat [none]
[debug] [2026-05-09T18:44:54.592Z] <<< [apiv2][status] GET https://cloudresourcemanager.googleapis.com/v1/projects/newmorchat 200
[debug] [2026-05-09T18:44:54.593Z] <<< [apiv2][body] GET https://cloudresourcemanager.googleapis.com/v1/projects/newmorchat {"projectNumber":"167930901345","projectId":"newmorchat","lifecycleState":"ACTIVE","name":"newMorchat","labels":{"firebase":"enabled"},"createTime":"2024-11-01T23:21:31.450151Z"}
[debug] [2026-05-09T18:44:54.594Z] Checked if tokens are valid: true, expires at: 1778355876910
[debug] [2026-05-09T18:44:54.594Z] Checked if tokens are valid: true, expires at: 1778355876910
[debug] [2026-05-09T18:44:54.594Z] >>> [apiv2][query] GET https://compute.googleapis.com/compute/v1/projects/167930901345 [none]
[debug] [2026-05-09T18:44:54.828Z] <<< [apiv2][status] GET https://compute.googleapis.com/compute/v1/projects/167930901345 403
[debug] [2026-05-09T18:44:54.829Z] <<< [apiv2][body] GET https://compute.googleapis.com/compute/v1/projects/167930901345 {"error":{"code":403,"message":"This API method requires billing to be enabled. Please enable billing on project #167930901345 by visiting https://console.developers.google.com/billing/enable?project=167930901345 then retry. If you enabled billing for this project recently, wait a few minutes for the action to propagate to our systems and retry.","errors":[{"message":"This API method requires billing to be enabled. Please enable billing on project #167930901345 by visiting https://console.developers.google.com/billing/enable?project=167930901345 then retry. If you enabled billing for this project recently, wait a few minutes for the action to propagate to our systems and retry.","domain":"global","reason":"forbidden"}],"status":"PERMISSION_DENIED","details":[{"@type":"type.googleapis.com/google.rpc.ErrorInfo","reason":"BILLING_DISABLED","domain":"googleapis.com","metadata":{"consoleUrl":"https://console.developers.google.com/billing/enable?project=167930901345","service":"compute.googleapis.com","containerInfo":"167930901345","consumer":"projects/167930901345"}},{"@type":"type.googleapis.com/google.rpc.LocalizedMessage","locale":"en-US","message":"This API method requires billing to be enabled. Please enable billing on project #167930901345 by visiting https://console.developers.google.com/billing/enable?project=167930901345 then retry. If you enabled billing for this project recently, wait a few minutes for the action to propagate to our systems and retry."},{"@type":"type.googleapis.com/google.rpc.Help","links":[{"description":"Google developers console billing","url":"https://console.developers.google.com/billing/enable?project=167930901345"}]}]}}
[debug] [2026-05-09T18:44:54.830Z] unable to look up default compute service account. Falling back to 167930901345-compute@developer.gserviceaccount.com. Error: {"name":"FirebaseError","children":[],"context":{"body":{"error":{"code":403,"message":"This API method requires billing to be enabled. Please enable billing on project #167930901345 by visiting https://console.developers.google.com/billing/enable?project=167930901345 then retry. If you enabled billing for this project recently, wait a few minutes for the action to propagate to our systems and retry.","errors":[{"message":"This API method requires billing to be enabled. Please enable billing on project #167930901345 by visiting https://console.developers.google.com/billing/enable?project=167930901345 then retry. If you enabled billing for this project recently, wait a few minutes for the action to propagate to our systems and retry.","domain":"global","reason":"forbidden"}],"status":"PERMISSION_DENIED","details":[{"@type":"type.googleapis.com/google.rpc.ErrorInfo","reason":"BILLING_DISABLED","domain":"googleapis.com","metadata":{"consoleUrl":"https://console.developers.google.com/billing/enable?project=167930901345","service":"compute.googleapis.com","containerInfo":"167930901345","consumer":"projects/167930901345"}},{"@type":"type.googleapis.com/google.rpc.LocalizedMessage","locale":"en-US","message":"This API method requires billing to be enabled. Please enable billing on project #167930901345 by visiting https://console.developers.google.com/billing/enable?project=167930901345 then retry. If you enabled billing for this project recently, wait a few minutes for the action to propagate to our systems and retry."},{"@type":"type.googleapis.com/google.rpc.Help","links":[{"description":"Google developers console billing","url":"https://console.developers.google.com/billing/enable?project=167930901345"}]}]}},"response":{"statusCode":403}},"exit":1,"message":"Request to https://compute.googleapis.com/compute/v1/projects/167930901345 had HTTP Error: 403, This API method requires billing to be enabled. Please enable billing on project #167930901345 by visiting https://console.developers.google.com/billing/enable?project=167930901345 then retry. If you enabled billing for this project recently, wait a few minutes for the action to propagate to our systems and retry.","status":403}
[debug] [2026-05-09T18:44:54.830Z] Checked if tokens are valid: true, expires at: 1778355876910
[debug] [2026-05-09T18:44:54.830Z] Checked if tokens are valid: true, expires at: 1778355876910
[debug] [2026-05-09T18:44:54.831Z] >>> [apiv2][query] GET https://compute.googleapis.com/compute/v1/projects/167930901345 [none]
[debug] [2026-05-09T18:44:55.107Z] <<< [apiv2][status] GET https://compute.googleapis.com/compute/v1/projects/167930901345 403
[debug] [2026-05-09T18:44:55.107Z] <<< [apiv2][body] GET https://compute.googleapis.com/compute/v1/projects/167930901345 {"error":{"code":403,"message":"This API method requires billing to be enabled. Please enable billing on project #167930901345 by visiting https://console.developers.google.com/billing/enable?project=167930901345 then retry. If you enabled billing for this project recently, wait a few minutes for the action to propagate to our systems and retry.","errors":[{"message":"This API method requires billing to be enabled. Please enable billing on project #167930901345 by visiting https://console.developers.google.com/billing/enable?project=167930901345 then retry. If you enabled billing for this project recently, wait a few minutes for the action to propagate to our systems and retry.","domain":"global","reason":"forbidden"}],"status":"PERMISSION_DENIED","details":[{"@type":"type.googleapis.com/google.rpc.ErrorInfo","reason":"BILLING_DISABLED","domain":"googleapis.com","metadata":{"consoleUrl":"https://console.developers.google.com/billing/enable?project=167930901345","containerInfo":"167930901345","service":"compute.googleapis.com","consumer":"projects/167930901345"}},{"@type":"type.googleapis.com/google.rpc.LocalizedMessage","locale":"en-US","message":"This API method requires billing to be enabled. Please enable billing on project #167930901345 by visiting https://console.developers.google.com/billing/enable?project=167930901345 then retry. If you enabled billing for this project recently, wait a few minutes for the action to propagate to our systems and retry."},{"@type":"type.googleapis.com/google.rpc.Help","links":[{"description":"Google developers console billing","url":"https://console.developers.google.com/billing/enable?project=167930901345"}]}]}}
[debug] [2026-05-09T18:44:55.107Z] unable to look up default compute service account. Falling back to 167930901345-compute@developer.gserviceaccount.com. Error: {"name":"FirebaseError","children":[],"context":{"body":{"error":{"code":403,"message":"This API method requires billing to be enabled. Please enable billing on project #167930901345 by visiting https://console.developers.google.com/billing/enable?project=167930901345 then retry. If you enabled billing for this project recently, wait a few minutes for the action to propagate to our systems and retry.","errors":[{"message":"This API method requires billing to be enabled. Please enable billing on project #167930901345 by visiting https://console.developers.google.com/billing/enable?project=167930901345 then retry. If you enabled billing for this project recently, wait a few minutes for the action to propagate to our systems and retry.","domain":"global","reason":"forbidden"}],"status":"PERMISSION_DENIED","details":[{"@type":"type.googleapis.com/google.rpc.ErrorInfo","reason":"BILLING_DISABLED","domain":"googleapis.com","metadata":{"consoleUrl":"https://console.developers.google.com/billing/enable?project=167930901345","containerInfo":"167930901345","service":"compute.googleapis.com","consumer":"projects/167930901345"}},{"@type":"type.googleapis.com/google.rpc.LocalizedMessage","locale":"en-US","message":"This API method requires billing to be enabled. Please enable billing on project #167930901345 by visiting https://console.developers.google.com/billing/enable?project=167930901345 then retry. If you enabled billing for this project recently, wait a few minutes for the action to propagate to our systems and retry."},{"@type":"type.googleapis.com/google.rpc.Help","links":[{"description":"Google developers console billing","url":"https://console.developers.google.com/billing/enable?project=167930901345"}]}]}},"response":{"statusCode":403}},"exit":1,"message":"Request to https://compute.googleapis.com/compute/v1/projects/167930901345 had HTTP Error: 403, This API method requires billing to be enabled. Please enable billing on project #167930901345 by visiting https://console.developers.google.com/billing/enable?project=167930901345 then retry. If you enabled billing for this project recently, wait a few minutes for the action to propagate to our systems and retry.","status":403}
[debug] [2026-05-09T18:44:55.108Z] Checked if tokens are valid: true, expires at: 1778355876910
[debug] [2026-05-09T18:44:55.108Z] Checked if tokens are valid: true, expires at: 1778355876910
[debug] [2026-05-09T18:44:55.108Z] >>> [apiv2][query] GET https://compute.googleapis.com/compute/v1/projects/167930901345 [none]
[debug] [2026-05-09T18:44:55.310Z] <<< [apiv2][status] GET https://compute.googleapis.com/compute/v1/projects/167930901345 403
[debug] [2026-05-09T18:44:55.311Z] <<< [apiv2][body] GET https://compute.googleapis.com/compute/v1/projects/167930901345 {"error":{"code":403,"message":"This API method requires billing to be enabled. Please enable billing on project #167930901345 by visiting https://console.developers.google.com/billing/enable?project=167930901345 then retry. If you enabled billing for this project recently, wait a few minutes for the action to propagate to our systems and retry.","errors":[{"message":"This API method requires billing to be enabled. Please enable billing on project #167930901345 by visiting https://console.developers.google.com/billing/enable?project=167930901345 then retry. If you enabled billing for this project recently, wait a few minutes for the action to propagate to our systems and retry.","domain":"global","reason":"forbidden"}],"status":"PERMISSION_DENIED","details":[{"@type":"type.googleapis.com/google.rpc.ErrorInfo","reason":"BILLING_DISABLED","domain":"googleapis.com","metadata":{"consoleUrl":"https://console.developers.google.com/billing/enable?project=167930901345","containerInfo":"167930901345","consumer":"projects/167930901345","service":"compute.googleapis.com"}},{"@type":"type.googleapis.com/google.rpc.LocalizedMessage","locale":"en-US","message":"This API method requires billing to be enabled. Please enable billing on project #167930901345 by visiting https://console.developers.google.com/billing/enable?project=167930901345 then retry. If you enabled billing for this project recently, wait a few minutes for the action to propagate to our systems and retry."},{"@type":"type.googleapis.com/google.rpc.Help","links":[{"description":"Google developers console billing","url":"https://console.developers.google.com/billing/enable?project=167930901345"}]}]}}
[debug] [2026-05-09T18:44:55.312Z] unable to look up default compute service account. Falling back to 167930901345-compute@developer.gserviceaccount.com. Error: {"name":"FirebaseError","children":[],"context":{"body":{"error":{"code":403,"message":"This API method requires billing to be enabled. Please enable billing on project #167930901345 by visiting https://console.developers.google.com/billing/enable?project=167930901345 then retry. If you enabled billing for this project recently, wait a few minutes for the action to propagate to our systems and retry.","errors":[{"message":"This API method requires billing to be enabled. Please enable billing on project #167930901345 by visiting https://console.developers.google.com/billing/enable?project=167930901345 then retry. If you enabled billing for this project recently, wait a few minutes for the action to propagate to our systems and retry.","domain":"global","reason":"forbidden"}],"status":"PERMISSION_DENIED","details":[{"@type":"type.googleapis.com/google.rpc.ErrorInfo","reason":"BILLING_DISABLED","domain":"googleapis.com","metadata":{"consoleUrl":"https://console.developers.google.com/billing/enable?project=167930901345","containerInfo":"167930901345","consumer":"projects/167930901345","service":"compute.googleapis.com"}},{"@type":"type.googleapis.com/google.rpc.LocalizedMessage","locale":"en-US","message":"This API method requires billing to be enabled. Please enable billing on project #167930901345 by visiting https://console.developers.google.com/billing/enable?project=167930901345 then retry. If you enabled billing for this project recently, wait a few minutes for the action to propagate to our systems and retry."},{"@type":"type.googleapis.com/google.rpc.Help","links":[{"description":"Google developers console billing","url":"https://console.developers.google.com/billing/enable?project=167930901345"}]}]}},"response":{"statusCode":403}},"exit":1,"message":"Request to https://compute.googleapis.com/compute/v1/projects/167930901345 had HTTP Error: 403, This API method requires billing to be enabled. Please enable billing on project #167930901345 by visiting https://console.developers.google.com/billing/enable?project=167930901345 then retry. If you enabled billing for this project recently, wait a few minutes for the action to propagate to our systems and retry.","status":403}
[debug] [2026-05-09T18:44:55.312Z] Checked if tokens are valid: true, expires at: 1778355876910
[debug] [2026-05-09T18:44:55.312Z] Checked if tokens are valid: true, expires at: 1778355876910
[debug] [2026-05-09T18:44:55.312Z] >>> [apiv2][query] GET https://compute.googleapis.com/compute/v1/projects/167930901345 [none]
[debug] [2026-05-09T18:44:55.511Z] <<< [apiv2][status] GET https://compute.googleapis.com/compute/v1/projects/167930901345 403
[debug] [2026-05-09T18:44:55.511Z] <<< [apiv2][body] GET https://compute.googleapis.com/compute/v1/projects/167930901345 {"error":{"code":403,"message":"This API method requires billing to be enabled. Please enable billing on project #167930901345 by visiting https://console.developers.google.com/billing/enable?project=167930901345 then retry. If you enabled billing for this project recently, wait a few minutes for the action to propagate to our systems and retry.","errors":[{"message":"This API method requires billing to be enabled. Please enable billing on project #167930901345 by visiting https://console.developers.google.com/billing/enable?project=167930901345 then retry. If you enabled billing for this project recently, wait a few minutes for the action to propagate to our systems and retry.","domain":"global","reason":"forbidden"}],"status":"PERMISSION_DENIED","details":[{"@type":"type.googleapis.com/google.rpc.ErrorInfo","reason":"BILLING_DISABLED","domain":"googleapis.com","metadata":{"consumer":"projects/167930901345","consoleUrl":"https://console.developers.google.com/billing/enable?project=167930901345","service":"compute.googleapis.com","containerInfo":"167930901345"}},{"@type":"type.googleapis.com/google.rpc.LocalizedMessage","locale":"en-US","message":"This API method requires billing to be enabled. Please enable billing on project #167930901345 by visiting https://console.developers.google.com/billing/enable?project=167930901345 then retry. If you enabled billing for this project recently, wait a few minutes for the action to propagate to our systems and retry."},{"@type":"type.googleapis.com/google.rpc.Help","links":[{"description":"Google developers console billing","url":"https://console.developers.google.com/billing/enable?project=167930901345"}]}]}}
[debug] [2026-05-09T18:44:55.512Z] unable to look up default compute service account. Falling back to 167930901345-compute@developer.gserviceaccount.com. Error: {"name":"FirebaseError","children":[],"context":{"body":{"error":{"code":403,"message":"This API method requires billing to be enabled. Please enable billing on project #167930901345 by visiting https://console.developers.google.com/billing/enable?project=167930901345 then retry. If you enabled billing for this project recently, wait a few minutes for the action to propagate to our systems and retry.","errors":[{"message":"This API method requires billing to be enabled. Please enable billing on project #167930901345 by visiting https://console.developers.google.com/billing/enable?project=167930901345 then retry. If you enabled billing for this project recently, wait a few minutes for the action to propagate to our systems and retry.","domain":"global","reason":"forbidden"}],"status":"PERMISSION_DENIED","details":[{"@type":"type.googleapis.com/google.rpc.ErrorInfo","reason":"BILLING_DISABLED","domain":"googleapis.com","metadata":{"consumer":"projects/167930901345","consoleUrl":"https://console.developers.google.com/billing/enable?project=167930901345","service":"compute.googleapis.com","containerInfo":"167930901345"}},{"@type":"type.googleapis.com/google.rpc.LocalizedMessage","locale":"en-US","message":"This API method requires billing to be enabled. Please enable billing on project #167930901345 by visiting https://console.developers.google.com/billing/enable?project=167930901345 then retry. If you enabled billing for this project recently, wait a few minutes for the action to propagate to our systems and retry."},{"@type":"type.googleapis.com/google.rpc.Help","links":[{"description":"Google developers console billing","url":"https://console.developers.google.com/billing/enable?project=167930901345"}]}]}},"response":{"statusCode":403}},"exit":1,"message":"Request to https://compute.googleapis.com/compute/v1/projects/167930901345 had HTTP Error: 403, This API method requires billing to be enabled. Please enable billing on project #167930901345 by visiting https://console.developers.google.com/billing/enable?project=167930901345 then retry. If you enabled billing for this project recently, wait a few minutes for the action to propagate to our systems and retry.","status":403}
[debug] [2026-05-09T18:44:55.515Z] Checked if tokens are valid: true, expires at: 1778355876910
[debug] [2026-05-09T18:44:55.515Z] Checked if tokens are valid: true, expires at: 1778355876910
[debug] [2026-05-09T18:44:55.515Z] >>> [apiv2][query] GET https://cloudbilling.googleapis.com/v1/projects/newmorchat/billingInfo [none]
[debug] [2026-05-09T18:44:56.445Z] <<< [apiv2][status] GET https://cloudbilling.googleapis.com/v1/projects/newmorchat/billingInfo 200
[debug] [2026-05-09T18:44:56.447Z] <<< [apiv2][body] GET https://cloudbilling.googleapis.com/v1/projects/newmorchat/billingInfo {"name":"projects/newmorchat/billingInfo","projectId":"newmorchat","billingAccountName":"billingAccounts/018D46-7CD41A-84113C","billingEnabled":false}
[debug] [2026-05-09T18:44:56.448Z] Checked if tokens are valid: true, expires at: 1778355876910
[debug] [2026-05-09T18:44:56.448Z] Checked if tokens are valid: true, expires at: 1778355876910
[debug] [2026-05-09T18:44:56.448Z] >>> [apiv2][query] GET https://cloudbilling.googleapis.com/v1/billingAccounts [none]
[debug] [2026-05-09T18:44:56.696Z] <<< [apiv2][status] GET https://cloudbilling.googleapis.com/v1/billingAccounts 200
[debug] [2026-05-09T18:44:56.702Z] <<< [apiv2][body] GET https://cloudbilling.googleapis.com/v1/billingAccounts {"billingAccounts":[{"name":"billingAccounts/01D7D8-1F2423-807517","open":false,"displayName":"Faturalandırma Hesabım","masterBillingAccount":"","parent":"","currencyCode":"TRY"}],"nextPageToken":""}
[info] 
[info] Extension require your project to be upgraded to the Blaze plan. Please visit the following link to add a billing account:
[info] 
[info] https://console.cloud.google.com/billing/linkedaccount?project=newmorchat
[info] 
